{
"meta":{"test_sets":[],"test_metrics":[],"learn_metrics":[{"best_value":"Min","name":"Logloss"}],"launch_mode":"Train","parameters":"","iteration_count":1000,"learn_sets":["learn"],"name":"experiment"},
"iterations":[
{"learn":[0.2598694231],"iteration":0,"passed_time":0.01052427621,"remaining_time":10.51375194},
{"learn":[0.1750360911],"iteration":1,"passed_time":0.03256377282,"remaining_time":16.24932264},
{"learn":[0.149662822],"iteration":2,"passed_time":0.04721397734,"remaining_time":15.69077847},
{"learn":[0.1271859942],"iteration":3,"passed_time":0.05842847564,"remaining_time":14.54869043},
{"learn":[0.1193935724],"iteration":4,"passed_time":0.0676534699,"remaining_time":13.46304051},
{"learn":[0.1111047534],"iteration":5,"passed_time":0.07673439068,"remaining_time":12.71233072},
{"learn":[0.1042729471],"iteration":6,"passed_time":0.0867411707,"remaining_time":12.30485464},
{"learn":[0.09852660943],"iteration":7,"passed_time":0.09556385722,"remaining_time":11.8499183},
{"learn":[0.09375146129],"iteration":8,"passed_time":0.1049371331,"remaining_time":11.55474433},
{"learn":[0.08910999773],"iteration":9,"passed_time":0.114041073,"remaining_time":11.29006623},
{"learn":[0.08538676046],"iteration":10,"passed_time":0.1246785027,"remaining_time":11.20973084},
{"learn":[0.07915074426],"iteration":11,"passed_time":0.1344461266,"remaining_time":11.06939776},
{"learn":[0.07420119257],"iteration":12,"passed_time":0.1443581917,"remaining_time":10.9601181},
{"learn":[0.06803794146],"iteration":13,"passed_time":0.1544084279,"remaining_time":10.87476499},
{"learn":[0.06368398239],"iteration":14,"passed_time":0.1646372656,"remaining_time":10.81118044},
{"learn":[0.06159828668],"iteration":15,"passed_time":0.1752539927,"remaining_time":10.77812055},
{"learn":[0.05879320519],"iteration":16,"passed_time":0.1843719369,"remaining_time":10.66103612},
{"learn":[0.05697620785],"iteration":17,"passed_time":0.1931347582,"remaining_time":10.53657403},
{"learn":[0.05599440669],"iteration":18,"passed_time":0.2024207889,"remaining_time":10.45130494},
{"learn":[0.0541530899],"iteration":19,"passed_time":0.2207111558,"remaining_time":10.81484663},
{"learn":[0.05280571751],"iteration":20,"passed_time":0.2329729801,"remaining_time":10.86097845},
{"learn":[0.05153714287],"iteration":21,"passed_time":0.2477992049,"remaining_time":11.01580102},
{"learn":[0.04876943724],"iteration":22,"passed_time":0.2564988651,"remaining_time":10.8956257},
{"learn":[0.04661221921],"iteration":23,"passed_time":0.2661266898,"remaining_time":10.82248538},
{"learn":[0.04532464435],"iteration":24,"passed_time":0.2745830149,"remaining_time":10.70873758},
{"learn":[0.04389125126],"iteration":25,"passed_time":0.2845584542,"remaining_time":10.65999748},
{"learn":[0.04228723559],"iteration":26,"passed_time":0.2934963316,"remaining_time":10.57673817},
{"learn":[0.04124066465],"iteration":27,"passed_time":0.3077864438,"remaining_time":10.68458655},
{"learn":[0.04051393476],"iteration":28,"passed_time":0.3212886773,"remaining_time":10.75763123},
{"learn":[0.04005446472],"iteration":29,"passed_time":0.3346356312,"remaining_time":10.81988541},
{"learn":[0.03908721297],"iteration":30,"passed_time":0.3500369109,"remaining_time":10.94147634},
{"learn":[0.0385794585],"iteration":31,"passed_time":0.3964394737,"remaining_time":11.99229408},
{"learn":[0.03765374682],"iteration":32,"passed_time":0.4074552327,"remaining_time":11.93967303},
{"learn":[0.03710087471],"iteration":33,"passed_time":0.4266780131,"remaining_time":12.12267531},
{"learn":[0.0365604096],"iteration":34,"passed_time":0.4518972761,"remaining_time":12.45945347},
{"learn":[0.03579214283],"iteration":35,"passed_time":0.5209759311,"remaining_time":13.95057771},
{"learn":[0.03424236793],"iteration":36,"passed_time":0.5675525427,"remaining_time":14.77170537},
{"learn":[0.03343673527],"iteration":37,"passed_time":0.5822831501,"remaining_time":14.74095764},
{"learn":[0.03315806556],"iteration":38,"passed_time":0.5926211241,"remaining_time":14.60279232},
{"learn":[0.03288937031],"iteration":39,"passed_time":0.601100277,"remaining_time":14.42640665},
{"learn":[0.03196968363],"iteration":40,"passed_time":0.6109894254,"remaining_time":14.29119168},
{"learn":[0.03148024895],"iteration":41,"passed_time":0.6209393643,"remaining_time":14.16333121},
{"learn":[0.03109584464],"iteration":42,"passed_time":0.6328211739,"remaining_time":14.08395031},
{"learn":[0.03083168107],"iteration":43,"passed_time":0.6423903031,"remaining_time":13.95738931},
{"learn":[0.03061599139],"iteration":44,"passed_time":0.6517593524,"remaining_time":13.83178181},
{"learn":[0.03024500384],"iteration":45,"passed_time":0.6611279067,"remaining_time":13.71121789},
{"learn":[0.02989010308],"iteration":46,"passed_time":0.6705368723,"remaining_time":13.59620509},
{"learn":[0.02954184783],"iteration":47,"passed_time":0.679260077,"remaining_time":13.47199153},
{"learn":[0.02929076751],"iteration":48,"passed_time":0.6890253126,"remaining_time":13.37271576},
{"learn":[0.02892193427],"iteration":49,"passed_time":0.6982329047,"remaining_time":13.26642519},
{"learn":[0.02837516521],"iteration":50,"passed_time":0.7076652644,"remaining_time":13.16812423},
{"learn":[0.02826632131],"iteration":51,"passed_time":0.7173634503,"remaining_time":13.07808752},
{"learn":[0.02799747904],"iteration":52,"passed_time":0.7259036689,"remaining_time":12.97039197},
{"learn":[0.02775733613],"iteration":53,"passed_time":0.7356633509,"remaining_time":12.88773204},
{"learn":[0.02754752099],"iteration":54,"passed_time":0.7445186798,"remaining_time":12.79218459},
{"learn":[0.02732070452],"iteration":55,"passed_time":0.7540693779,"remaining_time":12.71145523},
{"learn":[0.02707445194],"iteration":56,"passed_time":0.7660495622,"remaining_time":12.67341644},
{"learn":[0.02688481583],"iteration":57,"passed_time":0.7745884559,"remaining_time":12.58038492},
{"learn":[0.02670115911],"iteration":58,"passed_time":0.7841678582,"remaining_time":12.50681279},
{"learn":[0.02652567594],"iteration":59,"passed_time":0.79283243,"remaining_time":12.4210414},
{"learn":[0.02628958728],"iteration":60,"passed_time":0.8033781533,"remaining_time":12.36675551},
{"learn":[0.02601105903],"iteration":61,"passed_time":0.812960941,"remaining_time":12.2993123},
{"learn":[0.02589810726],"iteration":62,"passed_time":0.8217310026,"remaining_time":12.22161825},
{"learn":[0.02550137024],"iteration":63,"passed_time":0.834500058,"remaining_time":12.20456335},
{"learn":[0.02541072376],"iteration":64,"passed_time":0.8441547421,"remaining_time":12.14284129},
{"learn":[0.02520955591],"iteration":65,"passed_time":0.853455966,"remaining_time":12.07769503},
{"learn":[0.02507438721],"iteration":66,"passed_time":0.8630478664,"remaining_time":12.01826357},
{"learn":[0.0249746293],"iteration":67,"passed_time":0.8716448672,"remaining_time":11.946662},
{"learn":[0.02486612675],"iteration":68,"passed_time":0.8811039358,"remaining_time":11.88851832},
{"learn":[0.0244729354],"iteration":69,"passed_time":0.89063819,"remaining_time":11.83276452},
{"learn":[0.02437230613],"iteration":70,"passed_time":0.9092364851,"remaining_time":11.89691119},
{"learn":[0.02426087916],"iteration":71,"passed_time":0.9180943558,"remaining_time":11.83321614},
{"learn":[0.02411802325],"iteration":72,"passed_time":0.9276091834,"remaining_time":11.77936593},
{"learn":[0.02399845117],"iteration":73,"passed_time":0.9364667325,"remaining_time":11.71848911},
{"learn":[0.02384637771],"iteration":74,"passed_time":0.9463398039,"remaining_time":11.67152425},
{"learn":[0.02380676818],"iteration":75,"passed_time":0.9554820018,"remaining_time":11.6166496},
{"learn":[0.02370787039],"iteration":76,"passed_time":0.9641555479,"remaining_time":11.55734507},
{"learn":[0.02348641829],"iteration":77,"passed_time":0.9735025585,"remaining_time":11.50729947},
{"learn":[0.02339283515],"iteration":78,"passed_time":0.9823191993,"remaining_time":11.45210104},
{"learn":[0.02327665347],"iteration":79,"passed_time":0.9971935413,"remaining_time":11.46772572},
{"learn":[0.02309897917],"iteration":80,"passed_time":1.014046222,"remaining_time":11.50504293},
{"learn":[0.02309902571],"iteration":81,"passed_time":1.031281678,"remaining_time":11.54532415},
{"learn":[0.02302142633],"iteration":82,"passed_time":1.060783769,"remaining_time":11.71974357},
{"learn":[0.0230205564],"iteration":83,"passed_time":1.073799531,"remaining_time":11.70952821},
{"learn":[0.02290250339],"iteration":84,"passed_time":1.085269397,"remaining_time":11.68260586},
{"learn":[0.02276348827],"iteration":85,"passed_time":1.094932531,"remaining_time":11.63684108},
{"learn":[0.02264378149],"iteration":86,"passed_time":1.105547695,"remaining_time":11.60189707},
{"learn":[0.02264319174],"iteration":87,"passed_time":1.115454835,"remaining_time":11.56016829},
{"learn":[0.02264313313],"iteration":88,"passed_time":1.126821992,"remaining_time":11.53409926},
{"learn":[0.02264297222],"iteration":89,"passed_time":1.137475633,"remaining_time":11.50114252},
{"learn":[0.02264290455],"iteration":90,"passed_time":1.145959299,"remaining_time":11.44700003},
{"learn":[0.0226426103],"iteration":91,"passed_time":1.154289642,"remaining_time":11.3923369},
{"learn":[0.02264230423],"iteration":92,"passed_time":1.163598497,"remaining_time":11.3482133},
{"learn":[0.02264228018],"iteration":93,"passed_time":1.172362312,"remaining_time":11.29957718},
{"learn":[0.02264219687],"iteration":94,"passed_time":1.182734915,"remaining_time":11.2671063},
{"learn":[0.02264203111],"iteration":95,"passed_time":1.191578498,"remaining_time":11.22069752},
{"learn":[0.02264147614],"iteration":96,"passed_time":1.201628668,"remaining_time":11.18629574},
{"learn":[0.02264093654],"iteration":97,"passed_time":1.210961963,"remaining_time":11.14579277},
{"learn":[0.02264045922],"iteration":98,"passed_time":1.219032041,"remaining_time":11.09442292},
{"learn":[0.02264033622],"iteration":99,"passed_time":1.233022182,"remaining_time":11.09719964},
{"learn":[0.02263978842],"iteration":100,"passed_time":1.243468967,"remaining_time":11.06810496},
{"learn":[0.02263978842],"iteration":101,"passed_time":1.252205713,"remaining_time":11.02432088},
{"learn":[0.02263978842],"iteration":102,"passed_time":1.261029403,"remaining_time":10.98197451},
{"learn":[0.02263978842],"iteration":103,"passed_time":1.269267323,"remaining_time":10.93522617},
{"learn":[0.02263978842],"iteration":104,"passed_time":1.278635567,"remaining_time":10.89884602},
{"learn":[0.02263978842],"iteration":105,"passed_time":1.28657467,"remaining_time":10.85092222},
{"learn":[0.02263978842],"iteration":106,"passed_time":1.298448034,"remaining_time":10.83658032},
{"learn":[0.02263978842],"iteration":107,"passed_time":1.308233857,"remaining_time":10.8050426},
{"learn":[0.02263978842],"iteration":108,"passed_time":1.316500664,"remaining_time":10.76148708},
{"learn":[0.02263978842],"iteration":109,"passed_time":1.32529818,"remaining_time":10.72286709},
{"learn":[0.02263978842],"iteration":110,"passed_time":1.333528631,"remaining_time":10.68024282},
{"learn":[0.02263978842],"iteration":111,"passed_time":1.342447231,"remaining_time":10.64368876},
{"learn":[0.02263978842],"iteration":112,"passed_time":1.355870534,"remaining_time":10.64298375},
{"learn":[0.02263978842],"iteration":113,"passed_time":1.369815809,"remaining_time":10.64611234},
{"learn":[0.02263978842],"iteration":114,"passed_time":1.381921237,"remaining_time":10.63478517},
{"learn":[0.02263951859],"iteration":115,"passed_time":1.394173879,"remaining_time":10.62456646},
{"learn":[0.02263952194],"iteration":116,"passed_time":1.418670092,"remaining_time":10.70671531},
{"learn":[0.02263934895],"iteration":117,"passed_time":1.427905467,"remaining_time":10.67298832},
{"learn":[0.02263889584],"iteration":118,"passed_time":1.442754341,"remaining_time":10.68123171},
{"learn":[0.02263886462],"iteration":119,"passed_time":1.451594103,"remaining_time":10.64502342},
{"learn":[0.02263844877],"iteration":120,"passed_time":1.46667403,"remaining_time":10.65459895},
{"learn":[0.02263844898],"iteration":121,"passed_time":1.48271196,"remaining_time":10.67066476},
{"learn":[0.02263826387],"iteration":122,"passed_time":1.504251075,"remaining_time":10.72543246},
{"learn":[0.02263813359],"iteration":123,"passed_time":1.518480437,"remaining_time":10.72732954},
{"learn":[0.02263813359],"iteration":124,"passed_time":1.534539397,"remaining_time":10.74177578},
{"learn":[0.02263791235],"iteration":125,"passed_time":1.548360368,"remaining_time":10.74021398},
{"learn":[0.02263783281],"iteration":126,"passed_time":1.559125097,"remaining_time":10.71745047},
{"learn":[0.02263756304],"iteration":127,"passed_time":1.577776065,"remaining_time":10.74859944},
{"learn":[0.02263736412],"iteration":128,"passed_time":1.651872205,"remaining_time":11.15333869},
{"learn":[0.02263717048],"iteration":129,"passed_time":1.668681098,"remaining_time":11.16732735},
{"learn":[0.02263676374],"iteration":130,"passed_time":1.705370462,"remaining_time":11.31272467},
{"learn":[0.02263640025],"iteration":131,"passed_time":1.718971225,"remaining_time":11.30353806},
{"learn":[0.0226363741],"iteration":132,"passed_time":1.73367582,"remaining_time":11.30148072},
{"learn":[0.02263626879],"iteration":133,"passed_time":1.761632868,"remaining_time":11.38488107},
{"learn":[0.02263580931],"iteration":134,"passed_time":1.776387473,"remaining_time":11.38203825},
{"learn":[0.02263546189],"iteration":135,"passed_time":1.792640132,"remaining_time":11.38853731},
{"learn":[0.02263507246],"iteration":136,"passed_time":1.821208913,"remaining_time":11.4722868},
{"learn":[0.02263431582],"iteration":137,"passed_time":1.835085697,"remaining_time":11.46263674},
{"learn":[0.02256336878],"iteration":138,"passed_time":1.849566107,"remaining_time":11.45666488},
{"learn":[0.02243064467],"iteration":139,"passed_time":1.86982866,"remaining_time":11.48609034},
{"learn":[0.02233548769],"iteration":140,"passed_time":1.89313998,"remaining_time":11.5333847},
{"learn":[0.02233537516],"iteration":141,"passed_time":1.907946708,"remaining_time":11.52829771},
{"learn":[0.02218825372],"iteration":142,"passed_time":1.922108677,"remaining_time":11.51921074},
{"learn":[0.02210904258],"iteration":143,"passed_time":1.936608964,"remaining_time":11.5120644},
{"learn":[0.02201912918],"iteration":144,"passed_time":1.949040168,"remaining_time":11.49261616},
{"learn":[0.02189399375],"iteration":145,"passed_time":1.962914756,"remaining_time":11.48170686},
{"learn":[0.02178500494],"iteration":146,"passed_time":2.06898069,"remaining_time":12.00571788},
{"learn":[0.02165323944],"iteration":147,"passed_time":2.081667252,"remaining_time":11.98365202},
{"learn":[0.02165312022],"iteration":148,"passed_time":2.254003707,"remaining_time":12.87353795},
{"learn":[0.02154409759],"iteration":149,"passed_time":2.280237478,"remaining_time":12.92134571},
{"learn":[0.02154390794],"iteration":150,"passed_time":2.296100119,"remaining_time":12.90986094},
{"learn":[0.02154386313],"iteration":151,"passed_time":2.436066096,"remaining_time":13.59068454},
{"learn":[0.02154366637],"iteration":152,"passed_time":2.449050892,"remaining_time":13.55781768},
{"learn":[0.02154345256],"iteration":153,"passed_time":2.608932513,"remaining_time":14.3321877},
{"learn":[0.02154266918],"iteration":154,"passed_time":2.625383729,"remaining_time":14.31257581},
{"learn":[0.02154258635],"iteration":155,"passed_time":2.640882083,"remaining_time":14.28784922},
{"learn":[0.02154190941],"iteration":156,"passed_time":2.743617569,"remaining_time":14.73165357},
{"learn":[0.02154135293],"iteration":157,"passed_time":2.820747787,"remaining_time":15.03208631},
{"learn":[0.02154078194],"iteration":158,"passed_time":2.937621621,"remaining_time":15.53798606},
{"learn":[0.02154031454],"iteration":159,"passed_time":2.95471016,"remaining_time":15.51222834},
{"learn":[0.02154022309],"iteration":160,"passed_time":2.977937604,"remaining_time":15.51856926},
{"learn":[0.02153970764],"iteration":161,"passed_time":3.109662332,"remaining_time":16.08578416},
{"learn":[0.02153953132],"iteration":162,"passed_time":3.133205113,"remaining_time":16.08891214},
{"learn":[0.02153945378],"iteration":163,"passed_time":3.154243945,"remaining_time":16.07895084},
{"learn":[0.0215394521],"iteration":164,"passed_time":3.176949511,"remaining_time":16.07728995},
{"learn":[0.02153921932],"iteration":165,"passed_time":3.18960355,"remaining_time":16.02487567},
{"learn":[0.02153860714],"iteration":166,"passed_time":3.197746088,"remaining_time":15.95043408},
{"learn":[0.0215385413],"iteration":167,"passed_time":3.237478794,"remaining_time":16.03322832},
{"learn":[0.02153840525],"iteration":168,"passed_time":3.264466169,"remaining_time":16.0519017},
{"learn":[0.0215382258],"iteration":169,"passed_time":3.283343935,"remaining_time":16.03044392},
{"learn":[0.0215382362],"iteration":170,"passed_time":3.30095992,"remaining_time":16.00289926},
{"learn":[0.0215381001],"iteration":171,"passed_time":3.329072415,"remaining_time":16.02599976},
{"learn":[0.02153813262],"iteration":172,"passed_time":3.393280715,"remaining_time":16.22105868},
{"learn":[0.02153803265],"iteration":173,"passed_time":3.41379905,"remaining_time":16.20573572},
{"learn":[0.02153792566],"iteration":174,"passed_time":3.422130507,"remaining_time":16.13290096},
{"learn":[0.02153780153],"iteration":175,"passed_time":3.430379314,"remaining_time":16.06041224},
{"learn":[0.02153726344],"iteration":176,"passed_time":3.438816026,"remaining_time":15.9895231},
{"learn":[0.02153717539],"iteration":177,"passed_time":3.447154755,"remaining_time":15.91888319},
{"learn":[0.02153695991],"iteration":178,"passed_time":3.455712092,"remaining_time":15.84994205},
{"learn":[0.02153693926],"iteration":179,"passed_time":3.468169179,"remaining_time":15.79943737},
{"learn":[0.02153645983],"iteration":180,"passed_time":3.47658886,"remaining_time":15.7310844},
{"learn":[0.02153618213],"iteration":181,"passed_time":3.48513649,"remaining_time":15.6639651},
{"learn":[0.02153592352],"iteration":182,"passed_time":3.493572391,"remaining_time":15.59698712},
{"learn":[0.02153575275],"iteration":183,"passed_time":3.507065045,"remaining_time":15.55307107},
{"learn":[0.02153568718],"iteration":184,"passed_time":3.518690104,"remaining_time":15.5012564},
{"learn":[0.02153552492],"iteration":185,"passed_time":3.544796554,"remaining_time":15.51324943},
{"learn":[0.02153500241],"iteration":186,"passed_time":3.556833089,"remaining_time":15.46366471},
{"learn":[0.0215347953],"iteration":187,"passed_time":3.572626357,"remaining_time":15.43070533},
{"learn":[0.02153467133],"iteration":188,"passed_time":3.583160707,"remaining_time":15.37536155},
{"learn":[0.02153446783],"iteration":189,"passed_time":3.598882724,"remaining_time":15.3426053},
{"learn":[0.02153445931],"iteration":190,"passed_time":3.60770995,"remaining_time":15.28082382},
{"learn":[0.02153397621],"iteration":191,"passed_time":3.619289332,"remaining_time":15.23117594},
{"learn":[0.02153354338],"iteration":192,"passed_time":3.630702628,"remaining_time":15.18122809},
{"learn":[0.02153307878],"iteration":193,"passed_time":3.639659668,"remaining_time":15.12147264},
{"learn":[0.02153307878],"iteration":194,"passed_time":3.648886281,"remaining_time":15.06335106},
{"learn":[0.02153307878],"iteration":195,"passed_time":3.657496145,"remaining_time":15.00319847},
{"learn":[0.02153036551],"iteration":196,"passed_time":3.666464064,"remaining_time":14.94502865},
{"learn":[0.02153014469],"iteration":197,"passed_time":3.675088107,"remaining_time":14.88596294},
{"learn":[0.0215300603],"iteration":198,"passed_time":3.686136883,"remaining_time":14.83716404},
{"learn":[0.02152981533],"iteration":199,"passed_time":3.69705227,"remaining_time":14.78820908},
{"learn":[0.02152978945],"iteration":200,"passed_time":3.712005853,"remaining_time":14.75568496},
{"learn":[0.02152975327],"iteration":201,"passed_time":3.724416977,"remaining_time":14.71329083},
{"learn":[0.02152930312],"iteration":202,"passed_time":3.739889562,"remaining_time":14.68321173},
{"learn":[0.02152910652],"iteration":203,"passed_time":3.752239117,"remaining_time":14.64108989},
{"learn":[0.02152901334],"iteration":204,"passed_time":3.766958759,"remaining_time":14.60844982},
{"learn":[0.02147333973],"iteration":205,"passed_time":3.78386615,"remaining_time":14.58441613},
{"learn":[0.02147330694],"iteration":206,"passed_time":3.794269775,"remaining_time":14.5355359},
{"learn":[0.02147297187],"iteration":207,"passed_time":3.802259219,"remaining_time":14.47783318},
{"learn":[0.02147279085],"iteration":208,"passed_time":3.81205696,"remaining_time":14.42745003},
{"learn":[0.02147268559],"iteration":209,"passed_time":3.822604636,"remaining_time":14.38027458},
{"learn":[0.02147197425],"iteration":210,"passed_time":3.832017445,"remaining_time":14.32920267},
{"learn":[0.02145870523],"iteration":211,"passed_time":3.843071072,"remaining_time":14.28462266},
{"learn":[0.0214586223],"iteration":212,"passed_time":3.853782307,"remaining_time":14.23909237},
{"learn":[0.02145852573],"iteration":213,"passed_time":3.863374849,"remaining_time":14.18977865},
{"learn":[0.02145853608],"iteration":214,"passed_time":3.874393575,"remaining_time":14.14604166},
{"learn":[0.02145809041],"iteration":215,"passed_time":3.885420349,"remaining_time":14.10263682},
{"learn":[0.02145807321],"iteration":216,"passed_time":3.89481746,"remaining_time":14.0536501},
{"learn":[0.02145798359],"iteration":217,"passed_time":3.907088512,"remaining_time":14.01533586},
{"learn":[0.0214148635],"iteration":218,"passed_time":3.920616843,"remaining_time":13.98174317},
{"learn":[0.02141467887],"iteration":219,"passed_time":3.933094541,"remaining_time":13.94460792},
{"learn":[0.02141449079],"iteration":220,"passed_time":3.95026028,"remaining_time":13.92422062},
{"learn":[0.0213306623],"iteration":221,"passed_time":3.960337158,"remaining_time":13.87901941},
{"learn":[0.02127473123],"iteration":222,"passed_time":3.968832067,"remaining_time":13.82862115},
{"learn":[0.02111519285],"iteration":223,"passed_time":3.979317193,"remaining_time":13.78549171},
{"learn":[0.02111486096],"iteration":224,"passed_time":3.987400733,"remaining_time":13.7343803},
{"learn":[0.02108751608],"iteration":225,"passed_time":3.999269754,"remaining_time":13.69661411},
{"learn":[0.02091175319],"iteration":226,"passed_time":4.009678583,"remaining_time":13.65410372},
{"learn":[0.02091152024],"iteration":227,"passed_time":4.018251085,"remaining_time":13.60565718},
{"learn":[0.02091135605],"iteration":228,"passed_time":4.028251544,"remaining_time":13.56236655},
{"learn":[0.02091130924],"iteration":229,"passed_time":4.037540606,"remaining_time":13.51698377},
{"learn":[0.02091089986],"iteration":230,"passed_time":4.046953526,"remaining_time":13.47232581},
{"learn":[0.02091084093],"iteration":231,"passed_time":4.057942454,"remaining_time":13.43318881},
{"learn":[0.02091077697],"iteration":232,"passed_time":4.075683361,"remaining_time":13.41651991},
{"learn":[0.02091072332],"iteration":233,"passed_time":4.084333202,"remaining_time":13.37008219},
{"learn":[0.02091034651],"iteration":234,"passed_time":4.095570974,"remaining_time":13.33239062},
{"learn":[0.02090948833],"iteration":235,"passed_time":4.109189471,"remaining_time":13.30263032},
{"learn":[0.02090939666],"iteration":236,"passed_time":4.120987328,"remaining_time":13.26714486},
{"learn":[0.02090925134],"iteration":237,"passed_time":4.132848517,"remaining_time":13.23206122},
{"learn":[0.02090894382],"iteration":238,"passed_time":4.145068857,"remaining_time":13.19831548},
{"learn":[0.02090882821],"iteration":239,"passed_time":4.157227477,"remaining_time":13.16455368},
{"learn":[0.0208490391],"iteration":240,"passed_time":4.166489752,"remaining_time":13.12184947},
{"learn":[0.02068113718],"iteration":241,"passed_time":4.179092411,"remaining_time":13.08988449},
{"learn":[0.02068108197],"iteration":242,"passed_time":4.188099565,"remaining_time":13.04687807},
{"learn":[0.02068085587],"iteration":243,"passed_time":4.197065251,"remaining_time":13.00402184},
{"learn":[0.02068076959],"iteration":244,"passed_time":4.206055155,"remaining_time":12.96151691},
{"learn":[0.02066280589],"iteration":245,"passed_time":4.215202221,"remaining_time":12.91976616},
{"learn":[0.02066273671],"iteration":246,"passed_time":4.223538947,"remaining_time":12.87580902},
{"learn":[0.02066262654],"iteration":247,"passed_time":4.232039791,"remaining_time":12.83263679},
{"learn":[0.02066258346],"iteration":248,"passed_time":4.240853323,"remaining_time":12.79068613},
{"learn":[0.02066229535],"iteration":249,"passed_time":4.254377191,"remaining_time":12.76313157},
{"learn":[0.02066230231],"iteration":250,"passed_time":4.269456999,"remaining_time":12.74033184},
{"learn":[0.02066230231],"iteration":251,"passed_time":4.287252058,"remaining_time":12.72565293},
{"learn":[0.02066191875],"iteration":252,"passed_time":4.2972955,"remaining_time":12.68806221},
{"learn":[0.02066186192],"iteration":253,"passed_time":4.313509666,"remaining_time":12.66881185},
{"learn":[0.02066187675],"iteration":254,"passed_time":4.32534938,"remaining_time":12.63680505},
{"learn":[0.02066167217],"iteration":255,"passed_time":4.342020759,"remaining_time":12.61899783},
{"learn":[0.02066150452],"iteration":256,"passed_time":4.353551384,"remaining_time":12.58633727},
{"learn":[0.02066140644],"iteration":257,"passed_time":4.36285138,"remaining_time":12.54742529},
{"learn":[0.02066119425],"iteration":258,"passed_time":4.371872966,"remaining_time":12.50794543},
{"learn":[0.02066114939],"iteration":259,"passed_time":4.381207886,"remaining_time":12.46959168},
{"learn":[0.02066077479],"iteration":260,"passed_time":4.389953894,"remaining_time":12.42979283},
{"learn":[0.02066053844],"iteration":261,"passed_time":4.398898743,"remaining_time":12.39079112},
{"learn":[0.02066038493],"iteration":262,"passed_time":4.407268832,"remaining_time":12.35040734},
{"learn":[0.02066026047],"iteration":263,"passed_time":4.417934274,"remaining_time":12.31666525},
{"learn":[0.02066026047],"iteration":264,"passed_time":4.429015434,"remaining_time":12.28425035},
{"learn":[0.02066002516],"iteration":265,"passed_time":4.437161839,"remaining_time":12.2438977},
{"learn":[0.02065951683],"iteration":266,"passed_time":4.445631752,"remaining_time":12.20467444},
{"learn":[0.02065951882],"iteration":267,"passed_time":4.453931193,"remaining_time":12.16521505},
{"learn":[0.02065923546],"iteration":268,"passed_time":4.462582707,"remaining_time":12.12694409},
{"learn":[0.02065901799],"iteration":269,"passed_time":4.471261402,"remaining_time":12.08896601},
{"learn":[0.02065896773],"iteration":270,"passed_time":4.482554893,"remaining_time":12.05823807},
{"learn":[0.02065848831],"iteration":271,"passed_time":4.496571506,"remaining_time":12.03494138},
{"learn":[0.02065835199],"iteration":272,"passed_time":4.523030355,"remaining_time":12.0448464},
{"learn":[0.02065804172],"iteration":273,"passed_time":4.535307063,"remaining_time":12.0169085},
{"learn":[0.02065759988],"iteration":274,"passed_time":4.560660947,"remaining_time":12.02356068},
{"learn":[0.02065754989],"iteration":275,"passed_time":4.569372848,"remaining_time":11.98632588},
{"learn":[0.02065748756],"iteration":276,"passed_time":4.577512405,"remaining_time":11.94780314},
{"learn":[0.02065724922],"iteration":277,"passed_time":4.587574175,"remaining_time":11.9144912},
{"learn":[0.02065719401],"iteration":278,"passed_time":4.595671959,"remaining_time":11.87627055},
{"learn":[0.02065705575],"iteration":279,"passed_time":4.604106949,"remaining_time":11.83913215},
{"learn":[0.02065691943],"iteration":280,"passed_time":4.616916828,"remaining_time":11.81339217},
{"learn":[0.0206566393],"iteration":281,"passed_time":4.630606937,"remaining_time":11.78998504},
{"learn":[0.02065624686],"iteration":282,"passed_time":4.642740866,"remaining_time":11.76270389},
{"learn":[0.02065594602],"iteration":283,"passed_time":4.654874655,"remaining_time":11.73552906},
{"learn":[0.02065574543],"iteration":284,"passed_time":4.66366114,"remaining_time":11.70006216},
{"learn":[0.02065556085],"iteration":285,"passed_time":4.673605771,"remaining_time":11.66767315},
{"learn":[0.02065543133],"iteration":286,"passed_time":4.687295972,"remaining_time":11.64474574},
{"learn":[0.02065530197],"iteration":287,"passed_time":4.703701915,"remaining_time":11.6285964},
{"learn":[0.02065488413],"iteration":288,"passed_time":4.717930907,"remaining_time":11.60708953},
{"learn":[0.020654527],"iteration":289,"passed_time":4.738440315,"remaining_time":11.60100905},
{"learn":[0.02065444946],"iteration":290,"passed_time":4.762833016,"remaining_time":11.60429075},
{"learn":[0.02065423366],"iteration":291,"passed_time":4.784317983,"remaining_time":11.60033264},
{"learn":[0.02065401252],"iteration":292,"passed_time":4.799757643,"remaining_time":11.58166776},
{"learn":[0.02065399521],"iteration":293,"passed_time":4.813992004,"remaining_time":11.56013046},
{"learn":[0.0206536569],"iteration":294,"passed_time":4.828945561,"remaining_time":11.54036143},
{"learn":[0.02065343938],"iteration":295,"passed_time":4.844394822,"remaining_time":11.5218039},
{"learn":[0.02065310134],"iteration":296,"passed_time":4.858930385,"remaining_time":11.50110458},
{"learn":[0.02065290053],"iteration":297,"passed_time":4.868904595,"remaining_time":11.46970143},
{"learn":[0.02065272954],"iteration":298,"passed_time":4.880240598,"remaining_time":11.44163431},
{"learn":[0.02065246883],"iteration":299,"passed_time":4.892169125,"remaining_time":11.41506129},
{"learn":[0.02054472703],"iteration":300,"passed_time":4.903964848,"remaining_time":11.38827717},
{"learn":[0.02054469942],"iteration":301,"passed_time":4.914147067,"remaining_time":11.35786309},
{"learn":[0.02054445758],"iteration":302,"passed_time":4.927926957,"remaining_time":11.33585838},
{"learn":[0.02054379455],"iteration":303,"passed_time":4.941987538,"remaining_time":11.31455042},
{"learn":[0.02054368061],"iteration":304,"passed_time":4.958962274,"remaining_time":11.29993043},
{"learn":[0.02054352175],"iteration":305,"passed_time":4.970754505,"remaining_time":11.27354126},
{"learn":[0.02054339396],"iteration":306,"passed_time":4.980854639,"remaining_time":11.24342757},
{"learn":[0.02054318161],"iteration":307,"passed_time":4.99041358,"remaining_time":11.21222791},
{"learn":[0.02054308326],"iteration":308,"passed_time":5.000401778,"remaining_time":11.18212825},
{"learn":[0.02054309701],"iteration":309,"passed_time":5.009253354,"remaining_time":11.14962843},
{"learn":[0.02054298997],"iteration":310,"passed_time":5.022576461,"remaining_time":11.12718708},
{"learn":[0.02054275169],"iteration":311,"passed_time":5.034774506,"remaining_time":11.10232327},
{"learn":[0.02054244438],"iteration":312,"passed_time":5.044339806,"remaining_time":11.07176181},
{"learn":[0.02054226131],"iteration":313,"passed_time":5.05395038,"remaining_time":11.041433},
{"learn":[0.02054206105],"iteration":314,"passed_time":5.064243225,"remaining_time":11.01271939},
{"learn":[0.02054178642],"iteration":315,"passed_time":5.073120234,"remaining_time":10.98105772},
{"learn":[0.02054165528],"iteration":316,"passed_time":5.083317093,"remaining_time":10.95238352},
{"learn":[0.02054140486],"iteration":317,"passed_time":5.09368957,"remaining_time":10.92420216},
{"learn":[0.02054135288],"iteration":318,"passed_time":5.102354176,"remaining_time":10.8924865},
{"learn":[0.02054133924],"iteration":319,"passed_time":5.117825794,"remaining_time":10.87537981},
{"learn":[0.02054125134],"iteration":320,"passed_time":5.129823739,"remaining_time":10.85093557},
{"learn":[0.02054114932],"iteration":321,"passed_time":5.142435902,"remaining_time":10.82786193},
{"learn":[0.02054029594],"iteration":322,"passed_time":5.159141334,"remaining_time":10.81343246},
{"learn":[0.02054026359],"iteration":323,"passed_time":5.168327326,"remaining_time":10.78330022},
{"learn":[0.02054019969],"iteration":324,"passed_time":5.17836265,"remaining_time":10.75506089},
{"learn":[0.02054011509],"iteration":325,"passed_time":5.187865391,"remaining_time":10.72583213},
{"learn":[0.02053988716],"iteration":326,"passed_time":5.19657453,"remaining_time":10.6950907},
{"learn":[0.02053981981],"iteration":327,"passed_time":5.206018386,"remaining_time":10.66598889},
{"learn":[0.02053946068],"iteration":328,"passed_time":5.214935976,"remaining_time":10.63593325},
{"learn":[0.02053936222],"iteration":329,"passed_time":5.225083938,"remaining_time":10.60850375},
{"learn":[0.02053928457],"iteration":330,"passed_time":5.23389471,"remaining_time":10.57847602},
{"learn":[0.02053907746],"iteration":331,"passed_time":5.246509011,"remaining_time":10.55622897},
{"learn":[0.02053893235],"iteration":332,"passed_time":5.256941742,"remaining_time":10.5296701},
{"learn":[0.02053881146],"iteration":333,"passed_time":5.265450398,"remaining_time":10.49937115},
{"learn":[0.02053835312],"iteration":334,"passed_time":5.274424935,"remaining_time":10.47012711},
{"learn":[0.02053775603],"iteration":335,"passed_time":5.284036879,"remaining_time":10.44226336},
{"learn":[0.0205377095],"iteration":336,"passed_time":5.292844184,"remaining_time":10.41292491},
{"learn":[0.02053765412],"iteration":337,"passed_time":5.302351316,"remaining_time":10.38507861},
{"learn":[0.02053732282],"iteration":338,"passed_time":5.311806961,"remaining_time":10.35724012},
{"learn":[0.02053727456],"iteration":339,"passed_time":5.326342715,"remaining_time":10.33937115},
{"learn":[0.02053713452],"iteration":340,"passed_time":5.341414806,"remaining_time":10.32255823},
{"learn":[0.02053701206],"iteration":341,"passed_time":5.355931481,"remaining_time":10.30468688},
{"learn":[0.02053694967],"iteration":342,"passed_time":5.365258757,"remaining_time":10.27689505},
{"learn":[0.02053692045],"iteration":343,"passed_time":5.374134615,"remaining_time":10.24834973},
{"learn":[0.02053655232],"iteration":344,"passed_time":5.383740227,"remaining_time":10.22130391},
{"learn":[0.02053626944],"iteration":345,"passed_time":5.392134881,"remaining_time":10.19206998},
{"learn":[0.02053621767],"iteration":346,"passed_time":5.401889984,"remaining_time":10.16551631},
{"learn":[0.02053619001],"iteration":347,"passed_time":5.41161316,"remaining_time":10.13899937},
{"learn":[0.02053618661],"iteration":348,"passed_time":5.421726234,"remaining_time":10.11330595},
{"learn":[0.02053603622],"iteration":349,"passed_time":5.432056913,"remaining_time":10.0881057},
{"learn":[0.02053550309],"iteration":350,"passed_time":5.440703205,"remaining_time":10.05987573},
{"learn":[0.02053540296],"iteration":351,"passed_time":5.45141266,"remaining_time":10.03555512},
{"learn":[0.0205353685],"iteration":352,"passed_time":5.461612626,"remaining_time":10.01037782},
{"learn":[0.02053535809],"iteration":353,"passed_time":5.470048177,"remaining_time":9.982065318},
{"learn":[0.02053529943],"iteration":354,"passed_time":5.479244029,"remaining_time":9.955246194},
{"learn":[0.0205350165],"iteration":355,"passed_time":5.487789391,"remaining_time":9.927349347},
{"learn":[0.02053483009],"iteration":356,"passed_time":5.497938844,"remaining_time":9.902450075},
{"learn":[0.02053457471],"iteration":357,"passed_time":5.510909297,"remaining_time":9.88269209},
{"learn":[0.02053424001],"iteration":358,"passed_time":5.523592623,"remaining_time":9.862459252},
{"learn":[0.02053396048],"iteration":359,"passed_time":5.534537523,"remaining_time":9.839177818},
{"learn":[0.02053368957],"iteration":360,"passed_time":5.549625225,"remaining_time":9.823297836},
{"learn":[0.02053325129],"iteration":361,"passed_time":5.559107531,"remaining_time":9.797543106},
{"learn":[0.02053267647],"iteration":362,"passed_time":5.567626318,"remaining_time":9.77018723},
{"learn":[0.02053272161],"iteration":363,"passed_time":5.576499422,"remaining_time":9.743553935},
{"learn":[0.02053248688],"iteration":364,"passed_time":5.585707991,"remaining_time":9.717601573},
{"learn":[0.02053246278],"iteration":365,"passed_time":5.594265537,"remaining_time":9.69061298},
{"learn":[0.02053242304],"iteration":366,"passed_time":5.603446858,"remaining_time":9.664800711},
{"learn":[0.02053236938],"iteration":367,"passed_time":5.611920681,"remaining_time":9.637863778},
{"learn":[0.02053209988],"iteration":368,"passed_time":5.620740133,"remaining_time":9.61161795},
{"learn":[0.02053197224],"iteration":369,"passed_time":5.631916987,"remaining_time":9.589480274},
{"learn":[0.02053196362],"iteration":370,"passed_time":5.641348838,"remaining_time":9.564443178},
{"learn":[0.0205318603],"iteration":371,"passed_time":5.652359524,"remaining_time":9.542155326},
{"learn":[0.02053191703],"iteration":372,"passed_time":5.660695449,"remaining_time":9.51543176},
{"learn":[0.02053159603],"iteration":373,"passed_time":5.670028402,"remaining_time":9.490475346},
{"learn":[0.02053150808],"iteration":374,"passed_time":5.678380261,"remaining_time":9.463967101},
{"learn":[0.02053149427],"iteration":375,"passed_time":5.694805414,"remaining_time":9.450953666},
{"learn":[0.02053079112],"iteration":376,"passed_time":5.704886574,"remaining_time":9.427438556},
{"learn":[0.02053078066],"iteration":377,"passed_time":5.718427929,"remaining_time":9.409688286},
{"learn":[0.02053070479],"iteration":378,"passed_time":5.730131394,"remaining_time":9.388948802},
{"learn":[0.02053070134],"iteration":379,"passed_time":5.743436126,"remaining_time":9.370869469},
{"learn":[0.02053054432],"iteration":380,"passed_time":5.754343865,"remaining_time":9.348920872},
{"learn":[0.02053061512],"iteration":381,"passed_time":5.763565723,"remaining_time":9.324302662},
{"learn":[0.02053040585],"iteration":382,"passed_time":5.772446202,"remaining_time":9.2992149},
{"learn":[0.02053041636],"iteration":383,"passed_time":5.781657185,"remaining_time":9.274741734},
{"learn":[0.02053026975],"iteration":384,"passed_time":5.790144658,"remaining_time":9.249192117},
{"learn":[0.02053026268],"iteration":385,"passed_time":5.799362412,"remaining_time":9.224892542},
{"learn":[0.02053004877],"iteration":386,"passed_time":5.808293621,"remaining_time":9.200217027},
{"learn":[0.02052986937],"iteration":387,"passed_time":5.817305264,"remaining_time":9.17574954},
{"learn":[0.02052961054],"iteration":388,"passed_time":5.826085097,"remaining_time":9.150997415},
{"learn":[0.02052955867],"iteration":389,"passed_time":5.834114149,"remaining_time":9.125152899},
{"learn":[0.02052951898],"iteration":390,"passed_time":5.843922216,"remaining_time":9.102170408},
{"learn":[0.02052926366],"iteration":391,"passed_time":5.852507228,"remaining_time":9.077358149},
{"learn":[0.02052910836],"iteration":392,"passed_time":5.861705007,"remaining_time":9.053574908},
{"learn":[0.02052877836],"iteration":393,"passed_time":5.870145423,"remaining_time":9.028700829},
{"learn":[0.0205286058],"iteration":394,"passed_time":5.884048766,"remaining_time":9.012277224},
{"learn":[0.02052831592],"iteration":395,"passed_time":5.893192604,"remaining_time":8.988606901},
{"learn":[0.02052831592],"iteration":396,"passed_time":5.90659276,"remaining_time":8.971474646},
{"learn":[0.02052823816],"iteration":397,"passed_time":5.918232411,"remaining_time":8.95169827},
{"learn":[0.02052799788],"iteration":398,"passed_time":5.930984895,"remaining_time":8.933638902},
{"learn":[0.02052785633],"iteration":399,"passed_time":5.945394401,"remaining_time":8.918091601},
{"learn":[0.02052779427],"iteration":400,"passed_time":5.9548368,"remaining_time":8.895130282},
{"learn":[0.02052770282],"iteration":401,"passed_time":5.963392876,"remaining_time":8.870917761},
{"learn":[0.02052764771],"iteration":402,"passed_time":5.972473768,"remaining_time":8.847560395},
{"learn":[0.0205275631],"iteration":403,"passed_time":5.985544538,"remaining_time":8.830159764},
{"learn":[0.0205257402],"iteration":404,"passed_time":5.994329601,"remaining_time":8.806484229},
{"learn":[0.02052559358],"iteration":405,"passed_time":6.003666425,"remaining_time":8.783689302},
{"learn":[0.02052525883],"iteration":406,"passed_time":6.012354058,"remaining_time":8.760014634},
{"learn":[0.02052503106],"iteration":407,"passed_time":6.021530994,"remaining_time":8.737123403},
{"learn":[0.02052507248],"iteration":408,"passed_time":6.030027398,"remaining_time":8.713315873},
{"learn":[0.02052494991],"iteration":409,"passed_time":6.039161706,"remaining_time":8.690500991},
{"learn":[0.0205246583],"iteration":410,"passed_time":6.049823152,"remaining_time":8.669941209},
{"learn":[0.02052452888],"iteration":411,"passed_time":6.059317759,"remaining_time":8.64776418},
{"learn":[0.02052447539],"iteration":412,"passed_time":6.069563346,"remaining_time":8.626715942},
{"learn":[0.02052432878],"iteration":413,"passed_time":6.078216187,"remaining_time":8.603465424},
{"learn":[0.0205241545],"iteration":414,"passed_time":6.088789317,"remaining_time":8.582992169},
{"learn":[0.02052382282],"iteration":415,"passed_time":6.099834797,"remaining_time":8.563229619},
{"learn":[0.02052382282],"iteration":416,"passed_time":6.113569844,"remaining_time":8.54726911},
{"learn":[0.02052368284],"iteration":417,"passed_time":6.124478,"remaining_time":8.527383243},
{"learn":[0.02052327049],"iteration":418,"passed_time":6.138487665,"remaining_time":8.511840891},
{"learn":[0.0205230699],"iteration":419,"passed_time":6.149537255,"remaining_time":8.492218115},
{"learn":[0.02052274577],"iteration":420,"passed_time":6.158599515,"remaining_time":8.469902896},
{"learn":[0.02052169692],"iteration":421,"passed_time":6.16748528,"remaining_time":8.447408748},
{"learn":[0.02052140493],"iteration":422,"passed_time":6.177281491,"remaining_time":8.426220851},
{"learn":[0.02052131526],"iteration":423,"passed_time":6.187028917,"remaining_time":8.405020415},
{"learn":[0.02052096848],"iteration":424,"passed_time":6.200789186,"remaining_time":8.389303016},
{"learn":[0.02052084592],"iteration":425,"passed_time":6.211482098,"remaining_time":8.369461795},
{"learn":[0.02052070966],"iteration":426,"passed_time":6.220110598,"remaining_time":8.346893144},
{"learn":[0.02052056638],"iteration":427,"passed_time":6.2292143,"remaining_time":8.325024719},
{"learn":[0.02052040424],"iteration":428,"passed_time":6.238732321,"remaining_time":8.303767261},
{"learn":[0.02052026965],"iteration":429,"passed_time":6.247411541,"remaining_time":8.281452508},
{"learn":[0.02052007644],"iteration":430,"passed_time":6.256882105,"remaining_time":8.260245749},
{"learn":[0.02052003142],"iteration":431,"passed_time":6.265752174,"remaining_time":8.238303784},
{"learn":[0.02051976542],"iteration":432,"passed_time":6.274954299,"remaining_time":8.216857015},
{"learn":[0.02051930292],"iteration":433,"passed_time":6.283881542,"remaining_time":8.195108186},
{"learn":[0.02051823876],"iteration":434,"passed_time":6.294559991,"remaining_time":8.175692861},
{"learn":[0.02051798344],"iteration":435,"passed_time":6.310409688,"remaining_time":8.163007027},
{"learn":[0.02051767107],"iteration":436,"passed_time":6.322866862,"remaining_time":8.145936026},
{"learn":[0.02051758468],"iteration":437,"passed_time":6.337853945,"remaining_time":8.132132231},
{"learn":[0.0205175244],"iteration":438,"passed_time":6.346384246,"remaining_time":8.110071895},
{"learn":[0.02051756058],"iteration":439,"passed_time":6.355646692,"remaining_time":8.089004881},
{"learn":[0.02051645333],"iteration":440,"passed_time":6.365167182,"remaining_time":8.068318492},
{"learn":[0.02051632564],"iteration":441,"passed_time":6.373700158,"remaining_time":8.046435946},
{"learn":[0.0205161394],"iteration":442,"passed_time":6.382995218,"remaining_time":8.025571865},
{"learn":[0.02051610143],"iteration":443,"passed_time":6.391923932,"remaining_time":8.00430114},
{"learn":[0.02051555385],"iteration":444,"passed_time":6.401598268,"remaining_time":7.984015817},
{"learn":[0.02051549168],"iteration":445,"passed_time":6.409937472,"remaining_time":7.96211964},
{"learn":[0.02051547793],"iteration":446,"passed_time":6.418964668,"remaining_time":7.941135261},
{"learn":[0.02051540891],"iteration":447,"passed_time":6.427317421,"remaining_time":7.919373251},
{"learn":[0.02051536582],"iteration":448,"passed_time":6.436549712,"remaining_time":7.898750314},
{"learn":[0.02051536582],"iteration":449,"passed_time":6.445679335,"remaining_time":7.878052521},
{"learn":[0.02051526224],"iteration":450,"passed_time":6.455792723,"remaining_time":7.858603559},
{"learn":[0.02051502066],"iteration":451,"passed_time":6.465179396,"remaining_time":7.838314842},
{"learn":[0.02051477882],"iteration":452,"passed_time":6.473693562,"remaining_time":7.817020703},
{"learn":[0.02051470807],"iteration":453,"passed_time":6.483445996,"remaining_time":7.797272057},
{"learn":[0.0205146425],"iteration":454,"passed_time":6.498794213,"remaining_time":7.784269992},
{"learn":[0.02051456491],"iteration":455,"passed_time":6.51367234,"remaining_time":7.770696827},
{"learn":[0.02051434884],"iteration":456,"passed_time":6.527030386,"remaining_time":7.755311815},
{"learn":[0.02051422477],"iteration":457,"passed_time":6.538571148,"remaining_time":7.73778507},
{"learn":[0.0205139537],"iteration":458,"passed_time":6.552497347,"remaining_time":7.723096001},
{"learn":[0.02051390528],"iteration":459,"passed_time":6.561598984,"remaining_time":7.702746634},
{"learn":[0.02051377769],"iteration":460,"passed_time":6.569844246,"remaining_time":7.68144479},
{"learn":[0.02051362925],"iteration":461,"passed_time":6.578129958,"remaining_time":7.660246574},
{"learn":[0.02051319792],"iteration":462,"passed_time":6.587708729,"remaining_time":7.64060386},
{"learn":[0.02051309099],"iteration":463,"passed_time":6.596227028,"remaining_time":7.619779498},
{"learn":[0.02051303906],"iteration":464,"passed_time":6.606046972,"remaining_time":7.600505656},
{"learn":[0.02051289062],"iteration":465,"passed_time":6.614690922,"remaining_time":7.579924791},
{"learn":[0.02051288021],"iteration":466,"passed_time":6.623859091,"remaining_time":7.559993352},
{"learn":[0.02051275602],"iteration":467,"passed_time":6.634266375,"remaining_time":7.541516477},
{"learn":[0.02051267654],"iteration":468,"passed_time":6.642942637,"remaining_time":7.521114159},
{"learn":[0.02051254028],"iteration":469,"passed_time":6.652653396,"remaining_time":7.501928298},
{"learn":[0.02051242127],"iteration":470,"passed_time":6.661411539,"remaining_time":7.481712748},
{"learn":[0.02051140047],"iteration":471,"passed_time":6.670843236,"remaining_time":7.462299214},
{"learn":[0.02051140047],"iteration":472,"passed_time":6.67932112,"remaining_time":7.44186518},
{"learn":[0.02051134002],"iteration":473,"passed_time":6.688499791,"remaining_time":7.422259261},
{"learn":[0.02051114854],"iteration":474,"passed_time":6.703361919,"remaining_time":7.408978963},
{"learn":[0.02051103978],"iteration":475,"passed_time":6.714936234,"remaining_time":7.392072661},
{"learn":[0.02051073964],"iteration":476,"passed_time":6.727590593,"remaining_time":7.376372914},
{"learn":[0.02051068615],"iteration":477,"passed_time":6.739263641,"remaining_time":7.359614269},
{"learn":[0.02051058419],"iteration":478,"passed_time":6.748256877,"remaining_time":7.339962073},
{"learn":[0.02051054973],"iteration":479,"passed_time":6.756749625,"remaining_time":7.319812093},
{"learn":[0.02050950137],"iteration":480,"passed_time":6.765992217,"remaining_time":7.300519668},
{"learn":[0.02050952892],"iteration":481,"passed_time":6.774468844,"remaining_time":7.28044577},
{"learn":[0.02050945478],"iteration":482,"passed_time":6.783402857,"remaining_time":7.260909477},
{"learn":[0.02050945472],"iteration":483,"passed_time":6.791760961,"remaining_time":7.240803008},
{"learn":[0.02050923736],"iteration":484,"passed_time":6.800083487,"remaining_time":7.220707208},
{"learn":[0.02050921666],"iteration":485,"passed_time":6.809211749,"remaining_time":7.201512014},
{"learn":[0.02050899924],"iteration":486,"passed_time":6.817567874,"remaining_time":7.181544804},
{"learn":[0.02050873006],"iteration":487,"passed_time":6.826705393,"remaining_time":7.162445003},
{"learn":[0.02050864551],"iteration":488,"passed_time":6.835977772,"remaining_time":7.143526874},
{"learn":[0.02050837126],"iteration":489,"passed_time":6.845414694,"remaining_time":7.124819375},
{"learn":[0.02050831264],"iteration":490,"passed_time":6.853864872,"remaining_time":7.10512672},
{"learn":[0.02050822621],"iteration":491,"passed_time":6.862804031,"remaining_time":7.08598465},
{"learn":[0.0205079485],"iteration":492,"passed_time":6.871246959,"remaining_time":7.066373648},
{"learn":[0.02050780874],"iteration":493,"passed_time":6.879484508,"remaining_time":7.046597492},
{"learn":[0.0205076928],"iteration":494,"passed_time":6.888540811,"remaining_time":7.027703252},
{"learn":[0.0205074],"iteration":495,"passed_time":6.899625128,"remaining_time":7.010909404},
{"learn":[0.0205073394],"iteration":496,"passed_time":6.911815495,"remaining_time":6.995257936},
{"learn":[0.02050734031],"iteration":497,"passed_time":6.923295796,"remaining_time":6.978904597},
{"learn":[0.0205072652],"iteration":498,"passed_time":6.938554249,"remaining_time":6.966364086},
{"learn":[0.02050237669],"iteration":499,"passed_time":6.947631228,"remaining_time":6.947631228},
{"learn":[0.02050205089],"iteration":500,"passed_time":6.956926899,"remaining_time":6.929154735},
{"learn":[0.02050160673],"iteration":501,"passed_time":6.966394935,"remaining_time":6.910885812},
{"learn":[0.02047262157],"iteration":502,"passed_time":6.975617698,"remaining_time":6.892409535},
{"learn":[0.02047243338],"iteration":503,"passed_time":6.985040379,"remaining_time":6.874166722},
{"learn":[0.02047237984],"iteration":504,"passed_time":6.993911039,"remaining_time":6.855417751},
{"learn":[0.02047222605],"iteration":505,"passed_time":7.003882498,"remaining_time":6.837782518},
{"learn":[0.02047194797],"iteration":506,"passed_time":7.012483297,"remaining_time":6.818844705},
{"learn":[0.02047183749],"iteration":507,"passed_time":7.022647686,"remaining_time":6.801461932},
{"learn":[0.02047183749],"iteration":508,"passed_time":7.033103995,"remaining_time":6.784389119},
{"learn":[0.02047188413],"iteration":509,"passed_time":7.044622556,"remaining_time":6.768362848},
{"learn":[0.02047166661],"iteration":510,"passed_time":7.053584325,"remaining_time":6.749907504},
{"learn":[0.0204714232],"iteration":511,"passed_time":7.062950719,"remaining_time":6.731874904},
{"learn":[0.02047145604],"iteration":512,"passed_time":7.071531675,"remaining_time":6.71313046},
{"learn":[0.02047101576],"iteration":513,"passed_time":7.080737011,"remaining_time":6.695015929},
{"learn":[0.0204702651],"iteration":514,"passed_time":7.089407645,"remaining_time":6.676432442},
{"learn":[0.02047012011],"iteration":515,"passed_time":7.104219555,"remaining_time":6.6636478},
{"learn":[0.02046971639],"iteration":516,"passed_time":7.120386102,"remaining_time":6.652120865},
{"learn":[0.02046957996],"iteration":517,"passed_time":7.135201577,"remaining_time":6.639318842},
{"learn":[0.0204691571],"iteration":518,"passed_time":7.148208234,"remaining_time":6.62483268},
{"learn":[0.02046916546],"iteration":519,"passed_time":7.157572149,"remaining_time":6.606989676},
{"learn":[0.02046891348],"iteration":520,"passed_time":7.166676255,"remaining_time":6.588940358},
{"learn":[0.02046882721],"iteration":521,"passed_time":7.176286028,"remaining_time":6.571388355},
{"learn":[0.02046879954],"iteration":522,"passed_time":7.184936583,"remaining_time":6.552991874},
{"learn":[0.0204685096],"iteration":523,"passed_time":7.194550134,"remaining_time":6.535507374},
{"learn":[0.02046823697],"iteration":524,"passed_time":7.203231321,"remaining_time":6.517209291},
{"learn":[0.02046797803],"iteration":525,"passed_time":7.212170705,"remaining_time":6.499180445},
{"learn":[0.0204679349],"iteration":526,"passed_time":7.221849355,"remaining_time":6.481849611},
{"learn":[0.02046785013],"iteration":527,"passed_time":7.230968876,"remaining_time":6.464047934},
{"learn":[0.0204676745],"iteration":528,"passed_time":7.240668206,"remaining_time":6.446795321},
{"learn":[0.02046754854],"iteration":529,"passed_time":7.250998921,"remaining_time":6.430131119},
{"learn":[0.02046714978],"iteration":530,"passed_time":7.260051555,"remaining_time":6.41236192},
{"learn":[0.0204670565],"iteration":531,"passed_time":7.269345715,"remaining_time":6.39483796},
{"learn":[0.0204668579],"iteration":532,"passed_time":7.278157643,"remaining_time":6.376922363},
{"learn":[0.0204668579],"iteration":533,"passed_time":7.287823095,"remaining_time":6.359785697},
{"learn":[0.02046690427],"iteration":534,"passed_time":7.297393589,"remaining_time":6.342594428},
{"learn":[0.0204666765],"iteration":535,"passed_time":7.310615188,"remaining_time":6.328592252},
{"learn":[0.02046640215],"iteration":536,"passed_time":7.322860364,"remaining_time":6.313751114},
{"learn":[0.02046627958],"iteration":537,"passed_time":7.338547268,"remaining_time":6.301875163},
{"learn":[0.0204658413],"iteration":538,"passed_time":7.348402753,"remaining_time":6.284997531},
{"learn":[0.0204656997],"iteration":539,"passed_time":7.357815583,"remaining_time":6.26776883},
{"learn":[0.02046566697],"iteration":540,"passed_time":7.367728283,"remaining_time":6.250993127},
{"learn":[0.02043860953],"iteration":541,"passed_time":7.376654118,"remaining_time":6.23340883},
{"learn":[0.02043839384],"iteration":542,"passed_time":7.385536364,"remaining_time":6.215819739},
{"learn":[0.02036479284],"iteration":543,"passed_time":7.395922876,"remaining_time":6.199523588},
{"learn":[0.02036424229],"iteration":544,"passed_time":7.407204513,"remaining_time":6.183996428},
{"learn":[0.02025307044],"iteration":545,"passed_time":7.417182866,"remaining_time":6.167401137},
{"learn":[0.02025261744],"iteration":546,"passed_time":7.427255502,"remaining_time":6.150908121},
{"learn":[0.02025263971],"iteration":547,"passed_time":7.43565085,"remaining_time":6.13305508},
{"learn":[0.02025218002],"iteration":548,"passed_time":7.445182597,"remaining_time":6.116170039},
{"learn":[0.02025206506],"iteration":549,"passed_time":7.453606271,"remaining_time":6.098405131},
{"learn":[0.02025199625],"iteration":550,"passed_time":7.462942431,"remaining_time":6.081417698},
{"learn":[0.02025177431],"iteration":551,"passed_time":7.471833308,"remaining_time":6.064096598},
{"learn":[0.02025165282],"iteration":552,"passed_time":7.481286056,"remaining_time":6.047260158},
{"learn":[0.02025153872],"iteration":553,"passed_time":7.492126015,"remaining_time":6.031567153},
{"learn":[0.0202513962],"iteration":554,"passed_time":7.506288811,"remaining_time":6.018555894},
{"learn":[0.02025118892],"iteration":555,"passed_time":7.517310941,"remaining_time":6.003032478},
{"learn":[0.02025083821],"iteration":556,"passed_time":7.532036497,"remaining_time":5.990470679},
{"learn":[0.02025064641],"iteration":557,"passed_time":7.545615885,"remaining_time":5.976993228},
{"learn":[0.02025051516],"iteration":558,"passed_time":7.560204304,"remaining_time":5.964311446},
{"learn":[0.02025047186],"iteration":559,"passed_time":7.568383202,"remaining_time":5.946586801},
{"learn":[0.02025001589],"iteration":560,"passed_time":7.576506154,"remaining_time":5.928852409},
{"learn":[0.02024995021],"iteration":561,"passed_time":7.585913895,"remaining_time":5.912153534},
{"learn":[0.02024985693],"iteration":562,"passed_time":7.594385718,"remaining_time":5.894754101},
{"learn":[0.02024974294],"iteration":563,"passed_time":7.603801584,"remaining_time":5.878116118},
{"learn":[0.02024835012],"iteration":564,"passed_time":7.612335669,"remaining_time":5.860824807},
{"learn":[0.02024826034],"iteration":565,"passed_time":7.621930991,"remaining_time":5.84437818},
{"learn":[0.02024803235],"iteration":566,"passed_time":7.63049291,"remaining_time":5.827166543},
{"learn":[0.02024800124],"iteration":567,"passed_time":7.638556348,"remaining_time":5.809606236},
{"learn":[0.02024774931],"iteration":568,"passed_time":7.647475542,"remaining_time":5.79272752},
{"learn":[0.02024773189],"iteration":569,"passed_time":7.655611874,"remaining_time":5.775286151},
{"learn":[0.02024766632],"iteration":570,"passed_time":7.66320883,"remaining_time":5.757472133},
{"learn":[0.0202475333],"iteration":571,"passed_time":7.67104579,"remaining_time":5.739873423},
{"learn":[0.02024741763],"iteration":572,"passed_time":7.678895929,"remaining_time":5.722318607},
{"learn":[0.02024735196],"iteration":573,"passed_time":7.689758515,"remaining_time":5.707033323},
{"learn":[0.02024726557],"iteration":574,"passed_time":7.699888223,"remaining_time":5.69122173},
{"learn":[0.02024718264],"iteration":575,"passed_time":7.71001896,"remaining_time":5.675430624},
{"learn":[0.02024711534],"iteration":576,"passed_time":7.720910476,"remaining_time":5.660216866},
{"learn":[0.02024709631],"iteration":577,"passed_time":7.72976524,"remaining_time":5.643531023},
{"learn":[0.02024684239],"iteration":578,"passed_time":7.737383017,"remaining_time":5.625972799},
{"learn":[0.02024669227],"iteration":579,"passed_time":7.745027589,"remaining_time":5.608468254},
{"learn":[0.02024595703],"iteration":580,"passed_time":7.752502824,"remaining_time":5.59087553},
{"learn":[0.02024585517],"iteration":581,"passed_time":7.760009344,"remaining_time":5.573340044},
{"learn":[0.02024567912],"iteration":582,"passed_time":7.76757185,"remaining_time":5.555879008},
{"learn":[0.0202457325],"iteration":583,"passed_time":7.775263097,"remaining_time":5.538543576},
{"learn":[0.02024556868],"iteration":584,"passed_time":7.783099405,"remaining_time":5.521344022},
{"learn":[0.02024564622],"iteration":585,"passed_time":7.790568975,"remaining_time":5.50391733},
{"learn":[0.02024557041],"iteration":586,"passed_time":7.798156236,"remaining_time":5.486607369},
{"learn":[0.0202454548],"iteration":587,"passed_time":7.805693004,"remaining_time":5.469295098},
{"learn":[0.02024536669],"iteration":588,"passed_time":7.813273661,"remaining_time":5.452046646},
{"learn":[0.02024511476],"iteration":589,"passed_time":7.821471868,"remaining_time":5.435260112},
{"learn":[0.02024470862],"iteration":590,"passed_time":7.829150086,"remaining_time":5.418142784},
{"learn":[0.02024466909],"iteration":591,"passed_time":7.83677257,"remaining_time":5.401018933},
{"learn":[0.02024447222],"iteration":592,"passed_time":7.84448981,"remaining_time":5.383992163},
{"learn":[0.02024434798],"iteration":593,"passed_time":7.852942033,"remaining_time":5.3674991},
{"learn":[0.02024426694],"iteration":594,"passed_time":7.860461667,"remaining_time":5.350398278},
{"learn":[0.0202428642],"iteration":595,"passed_time":7.867861317,"remaining_time":5.333248275},
{"learn":[0.02024280893],"iteration":596,"passed_time":7.875593294,"remaining_time":5.316355272},
{"learn":[0.02024243794],"iteration":597,"passed_time":7.883198329,"remaining_time":5.299407572},
{"learn":[0.02024228793],"iteration":598,"passed_time":7.895826647,"remaining_time":5.285853899},
{"learn":[0.02024192557],"iteration":599,"passed_time":7.905914116,"remaining_time":5.270609411},
{"learn":[0.02024188416],"iteration":600,"passed_time":7.916647744,"remaining_time":5.255811065},
{"learn":[0.02024100635],"iteration":601,"passed_time":7.927094818,"remaining_time":5.240836774},
{"learn":[0.02024093905],"iteration":602,"passed_time":7.934685029,"remaining_time":5.223996611},
{"learn":[0.02024083536],"iteration":603,"passed_time":7.942231751,"remaining_time":5.207158566},
{"learn":[0.02024076639],"iteration":604,"passed_time":7.949744392,"remaining_time":5.190328983},
{"learn":[0.02024070428],"iteration":605,"passed_time":7.957365181,"remaining_time":5.173600464},
{"learn":[0.02024038365],"iteration":606,"passed_time":7.96500683,"remaining_time":5.15691546},
{"learn":[0.02024022496],"iteration":607,"passed_time":7.972522148,"remaining_time":5.140178753},
{"learn":[0.02024017292],"iteration":608,"passed_time":7.988084086,"remaining_time":5.128638551},
{"learn":[0.02024015055],"iteration":609,"passed_time":7.998446421,"remaining_time":5.113760827},
{"learn":[0.02024002464],"iteration":610,"passed_time":8.006154166,"remaining_time":5.097207808},
{"learn":[0.02023991075],"iteration":611,"passed_time":8.013844191,"remaining_time":5.080672461},
{"learn":[0.02023974489],"iteration":612,"passed_time":8.021941195,"remaining_time":5.064422908},
{"learn":[0.02023955163],"iteration":613,"passed_time":8.029332824,"remaining_time":5.047756466},
{"learn":[0.02023958953],"iteration":614,"passed_time":8.036796648,"remaining_time":5.031165381},
{"learn":[0.02023938776],"iteration":615,"passed_time":8.044485132,"remaining_time":5.014743978},
{"learn":[0.0202392825],"iteration":616,"passed_time":8.052022692,"remaining_time":4.998257198},
{"learn":[0.02023916344],"iteration":617,"passed_time":8.059519072,"remaining_time":4.981773925},
{"learn":[0.02023910644],"iteration":618,"passed_time":8.066989597,"remaining_time":4.965303774},
{"learn":[0.02023886665],"iteration":619,"passed_time":8.074763122,"remaining_time":4.949048365},
{"learn":[0.02023889253],"iteration":620,"passed_time":8.08229596,"remaining_time":4.93267338},
{"learn":[0.02023865786],"iteration":621,"passed_time":8.090596556,"remaining_time":4.916793405},
{"learn":[0.02023835891],"iteration":622,"passed_time":8.11018063,"remaining_time":4.907765806},
{"learn":[0.02023827442],"iteration":623,"passed_time":8.120490852,"remaining_time":4.893116283},
{"learn":[0.02023823646],"iteration":624,"passed_time":8.131300802,"remaining_time":4.878780481},
{"learn":[0.02023818636],"iteration":625,"passed_time":8.138808399,"remaining_time":4.862482973},
{"learn":[0.02023808795],"iteration":626,"passed_time":8.14639742,"remaining_time":4.846261942},
{"learn":[0.02023804999],"iteration":627,"passed_time":8.153930521,"remaining_time":4.830035277},
{"learn":[0.02023804476],"iteration":628,"passed_time":8.161533615,"remaining_time":4.813877538},
{"learn":[0.02023773201],"iteration":629,"passed_time":8.168903745,"remaining_time":4.797610136},
{"learn":[0.02023753886],"iteration":630,"passed_time":8.176684072,"remaining_time":4.781610812},
{"learn":[0.02023744552],"iteration":631,"passed_time":8.184316674,"remaining_time":4.765551481},
{"learn":[0.0202373628],"iteration":632,"passed_time":8.191987205,"remaining_time":4.749540765},
{"learn":[0.02023731411],"iteration":633,"passed_time":8.200062208,"remaining_time":4.733789855},
{"learn":[0.02023724859],"iteration":634,"passed_time":8.207520226,"remaining_time":4.717708477},
{"learn":[0.02023720686],"iteration":635,"passed_time":8.215226678,"remaining_time":4.701796401},
{"learn":[0.02023716221],"iteration":636,"passed_time":8.222723629,"remaining_time":4.685790703},
{"learn":[0.02023709136],"iteration":637,"passed_time":8.230892717,"remaining_time":4.670193046},
{"learn":[0.02023708257],"iteration":638,"passed_time":8.238861688,"remaining_time":4.654505586},
{"learn":[0.02023691309],"iteration":639,"passed_time":8.246419,"remaining_time":4.638610688},
{"learn":[0.02023682681],"iteration":640,"passed_time":8.253906825,"remaining_time":4.622702886},
{"learn":[0.02023678696],"iteration":641,"passed_time":8.261466403,"remaining_time":4.606861327},
{"learn":[0.02023665415],"iteration":642,"passed_time":8.269015871,"remaining_time":4.591039916},
{"learn":[0.02023470658],"iteration":643,"passed_time":8.276573877,"remaining_time":4.575248913},
{"learn":[0.02023458897],"iteration":644,"passed_time":8.284377489,"remaining_time":4.559618618},
{"learn":[0.02023449903],"iteration":645,"passed_time":8.296321203,"remaining_time":4.546281278},
{"learn":[0.02023438159],"iteration":646,"passed_time":8.306066291,"remaining_time":4.531748687},
{"learn":[0.02023431596],"iteration":647,"passed_time":8.31626089,"remaining_time":4.517475052},
{"learn":[0.02023422429],"iteration":648,"passed_time":8.326919173,"remaining_time":4.503464761},
{"learn":[0.02023401534],"iteration":649,"passed_time":8.334364095,"remaining_time":4.487734513},
{"learn":[0.02023363913],"iteration":650,"passed_time":8.341978686,"remaining_time":4.472120678},
{"learn":[0.02023220694],"iteration":651,"passed_time":8.349306939,"remaining_time":4.45637855},
{"learn":[0.02023216887],"iteration":652,"passed_time":8.356759951,"remaining_time":4.440728488},
{"learn":[0.02023215858],"iteration":653,"passed_time":8.364290727,"remaining_time":4.425144635},
{"learn":[0.0202318826],"iteration":654,"passed_time":8.371937739,"remaining_time":4.409646595},
{"learn":[0.0202318084],"iteration":655,"passed_time":8.379391784,"remaining_time":4.394071301},
{"learn":[0.020230378],"iteration":656,"passed_time":8.387022268,"remaining_time":4.378612843},
{"learn":[0.02023037633],"iteration":657,"passed_time":8.394502858,"remaining_time":4.36310027},
{"learn":[0.02023037633],"iteration":658,"passed_time":8.401803667,"remaining_time":4.347519045},
{"learn":[0.02023030553],"iteration":659,"passed_time":8.408884542,"remaining_time":4.331849612},
{"learn":[0.0202302192],"iteration":660,"passed_time":8.416277587,"remaining_time":4.316366266},
{"learn":[0.02022996037],"iteration":661,"passed_time":8.424378743,"remaining_time":4.301268905},
{"learn":[0.02022976387],"iteration":662,"passed_time":8.431966008,"remaining_time":4.28593144},
{"learn":[0.02022857952],"iteration":663,"passed_time":8.439407236,"remaining_time":4.270543421},
{"learn":[0.02022842794],"iteration":664,"passed_time":8.446829536,"remaining_time":4.255169766},
{"learn":[0.02022816906],"iteration":665,"passed_time":8.454245857,"remaining_time":4.239816991},
{"learn":[0.02022805874],"iteration":666,"passed_time":8.465363457,"remaining_time":4.226335879},
{"learn":[0.0202278259],"iteration":667,"passed_time":8.472984397,"remaining_time":4.211123982},
{"learn":[0.02022760854],"iteration":668,"passed_time":8.483563131,"remaining_time":4.197398201},
{"learn":[0.02022746219],"iteration":669,"passed_time":8.574614427,"remaining_time":4.223317554},
{"learn":[0.02022725529],"iteration":670,"passed_time":8.585290783,"remaining_time":4.209479385},
{"learn":[0.02022714836],"iteration":671,"passed_time":8.697147796,"remaining_time":4.245036424},
{"learn":[0.02022709341],"iteration":672,"passed_time":8.70769948,"remaining_time":4.230932734},
{"learn":[0.02022698967],"iteration":673,"passed_time":8.717319266,"remaining_time":4.216388844},
{"learn":[0.02022683432],"iteration":674,"passed_time":8.825636661,"remaining_time":4.249380614},
{"learn":[0.02022661027],"iteration":675,"passed_time":8.836370273,"remaining_time":4.235183385},
{"learn":[0.02022656524],"iteration":676,"passed_time":8.847484721,"remaining_time":4.221178087},
{"learn":[0.02022619798],"iteration":677,"passed_time":8.959672238,"remaining_time":4.25518357},
{"learn":[0.02022606166],"iteration":678,"passed_time":8.973244315,"remaining_time":4.242137592},
{"learn":[0.02022571672],"iteration":679,"passed_time":8.989055384,"remaining_time":4.23014371},
{"learn":[0.02022573074],"iteration":680,"passed_time":9.057759286,"remaining_time":4.242915143},
{"learn":[0.02022553732],"iteration":681,"passed_time":9.06773959,"remaining_time":4.22806626},
{"learn":[0.02022553198],"iteration":682,"passed_time":9.086759486,"remaining_time":4.21742717},
{"learn":[0.0202254649],"iteration":683,"passed_time":9.204601955,"remaining_time":4.252418447},
{"learn":[0.02022544764],"iteration":684,"passed_time":9.216091613,"remaining_time":4.238056727},
{"learn":[0.02022534751],"iteration":685,"passed_time":9.241388132,"remaining_time":4.230023139},
{"learn":[0.02022532858],"iteration":686,"passed_time":9.279722925,"remaining_time":4.227879586},
{"learn":[0.0202251419],"iteration":687,"passed_time":9.294184781,"remaining_time":4.214804726},
{"learn":[0.02022484209],"iteration":688,"passed_time":9.307356409,"remaining_time":4.201143459},
{"learn":[0.02022478332],"iteration":689,"passed_time":9.32295177,"remaining_time":4.188572534},
{"learn":[0.02022428653],"iteration":690,"passed_time":9.330608536,"remaining_time":4.172442891},
{"learn":[0.02022426577],"iteration":691,"passed_time":9.339888754,"remaining_time":4.157060313},
{"learn":[0.02022406356],"iteration":692,"passed_time":9.347500525,"remaining_time":4.140956221},
{"learn":[0.02022402705],"iteration":693,"passed_time":9.358192746,"remaining_time":4.126234842},
{"learn":[0.02022409289],"iteration":694,"passed_time":9.367461343,"remaining_time":4.110900302},
{"learn":[0.02022408421],"iteration":695,"passed_time":9.375988015,"remaining_time":4.095259133},
{"learn":[0.02022399098],"iteration":696,"passed_time":9.387888913,"remaining_time":4.081105223},
{"learn":[0.02022399427],"iteration":697,"passed_time":9.395428094,"remaining_time":4.065070608},
{"learn":[0.02022370422],"iteration":698,"passed_time":9.407612021,"remaining_time":4.051060398},
{"learn":[0.02022349716],"iteration":699,"passed_time":9.423196792,"remaining_time":4.038512911},
{"learn":[0.02022342301],"iteration":700,"passed_time":9.435399917,"remaining_time":4.024514373},
{"learn":[0.02022335577],"iteration":701,"passed_time":9.447730713,"remaining_time":4.010575146},
{"learn":[0.02022319735],"iteration":702,"passed_time":9.455278679,"remaining_time":3.994619869},
{"learn":[0.02022303903],"iteration":703,"passed_time":9.463756953,"remaining_time":3.979079628},
{"learn":[0.02022301994],"iteration":704,"passed_time":9.471826938,"remaining_time":3.963388577},
{"learn":[0.02022274855],"iteration":705,"passed_time":9.479819757,"remaining_time":3.947686981},
{"learn":[0.02022268821],"iteration":706,"passed_time":9.48772256,"remaining_time":3.931969887},
{"learn":[0.02022268303],"iteration":707,"passed_time":9.49814248,"remaining_time":3.917313},
{"learn":[0.02022271043],"iteration":708,"passed_time":9.51052596,"remaining_time":3.903473984},
{"learn":[0.02022268654],"iteration":709,"passed_time":9.523972119,"remaining_time":3.890073119},
{"learn":[0.02022247603],"iteration":710,"passed_time":9.533178887,"remaining_time":3.874948943},
{"learn":[0.02022190682],"iteration":711,"passed_time":9.541628277,"remaining_time":3.859535033},
{"learn":[0.02022192402],"iteration":712,"passed_time":9.550145083,"remaining_time":3.844167796},
{"learn":[0.02022183764],"iteration":713,"passed_time":9.55858299,"remaining_time":3.828788144},
{"learn":[0.02022174257],"iteration":714,"passed_time":9.567543839,"remaining_time":3.813636355},
{"learn":[0.02022174257],"iteration":715,"passed_time":9.575944595,"remaining_time":3.7982797},
{"learn":[0.02022177013],"iteration":716,"passed_time":9.584445918,"remaining_time":3.78298214},
{"learn":[0.02022138339],"iteration":717,"passed_time":9.592314387,"remaining_time":3.767454954},
{"learn":[0.02022120938],"iteration":718,"passed_time":9.60035017,"remaining_time":3.752014461},
{"learn":[0.02022116102],"iteration":719,"passed_time":9.614997597,"remaining_time":3.739165732},
{"learn":[0.02022081742],"iteration":720,"passed_time":9.62517192,"remaining_time":3.72458109},
{"learn":[0.02022072608],"iteration":721,"passed_time":9.642698431,"remaining_time":3.712839562},
{"learn":[0.02022053104],"iteration":722,"passed_time":9.653080173,"remaining_time":3.698344686},
{"learn":[0.02022034463],"iteration":723,"passed_time":9.661050685,"remaining_time":3.682941974},
{"learn":[0.02022018933],"iteration":724,"passed_time":9.668752385,"remaining_time":3.667457801},
{"learn":[0.02022019106],"iteration":725,"passed_time":9.676517961,"remaining_time":3.652019175},
{"learn":[0.02022013239],"iteration":726,"passed_time":9.685034286,"remaining_time":3.636883577},
{"learn":[0.02021987879],"iteration":727,"passed_time":9.692681242,"remaining_time":3.621441343},
{"learn":[0.02021972522],"iteration":728,"passed_time":9.700284245,"remaining_time":3.606004157},
{"learn":[0.02021965631],"iteration":729,"passed_time":9.708288709,"remaining_time":3.59073692},
{"learn":[0.02021960449],"iteration":730,"passed_time":9.716030187,"remaining_time":3.575392778},
{"learn":[0.02021962498],"iteration":731,"passed_time":9.72387333,"remaining_time":3.560106629},
{"learn":[0.02021953029],"iteration":732,"passed_time":9.738645219,"remaining_time":3.54736463},
{"learn":[0.02021942476],"iteration":733,"passed_time":9.746490078,"remaining_time":3.532106759},
{"learn":[0.02021940406],"iteration":734,"passed_time":9.754411328,"remaining_time":3.516896601},
{"learn":[0.02021930409],"iteration":735,"passed_time":9.765665365,"remaining_time":3.502901707},
{"learn":[0.02021929379],"iteration":736,"passed_time":9.777781149,"remaining_time":3.489221767},
{"learn":[0.02021915893],"iteration":737,"passed_time":9.790404169,"remaining_time":3.475726141},
{"learn":[0.02021911573],"iteration":738,"passed_time":9.900612827,"remaining_time":3.49669817},
{"learn":[0.02021906219],"iteration":739,"passed_time":9.913102092,"remaining_time":3.482981816},
{"learn":[0.02021862455],"iteration":740,"passed_time":9.95209286,"remaining_time":3.478531783},
{"learn":[0.02021853838],"iteration":741,"passed_time":9.972943819,"remaining_time":3.467681274},
{"learn":[0.02021845912],"iteration":742,"passed_time":9.995264095,"remaining_time":3.457312076},
{"learn":[0.02021836443],"iteration":743,"passed_time":10.01051109,"remaining_time":3.444476935},
{"learn":[0.02021825901],"iteration":744,"passed_time":10.01833597,"remaining_time":3.429094864},
{"learn":[0.02021815214],"iteration":745,"passed_time":10.02599163,"remaining_time":3.413675433},
{"learn":[0.02021817117],"iteration":746,"passed_time":10.03582747,"remaining_time":3.399015195},
{"learn":[0.02021806915],"iteration":747,"passed_time":10.04571967,"remaining_time":3.384386842},
{"learn":[0.02021794863],"iteration":748,"passed_time":10.0533157,"remaining_time":3.369001656},
{"learn":[0.02021796783],"iteration":749,"passed_time":10.06130616,"remaining_time":3.35376872},
{"learn":[0.02021785535],"iteration":750,"passed_time":10.06894629,"remaining_time":3.338438917},
{"learn":[0.02021782596],"iteration":751,"passed_time":10.07675276,"remaining_time":3.323184419},
{"learn":[0.02021770711],"iteration":752,"passed_time":10.08779294,"remaining_time":3.309010432},
{"learn":[0.02021763631],"iteration":753,"passed_time":10.0986437,"remaining_time":3.294782957},
{"learn":[0.02021755521],"iteration":754,"passed_time":10.10936677,"remaining_time":3.28052299},
{"learn":[0.02021754988],"iteration":755,"passed_time":10.12069137,"remaining_time":3.266466527},
{"learn":[0.02021753774],"iteration":756,"passed_time":10.13253303,"remaining_time":3.252583257},
{"learn":[0.02021745476],"iteration":757,"passed_time":10.14092701,"remaining_time":3.237604666},
{"learn":[0.02021732],"iteration":758,"passed_time":10.1484936,"remaining_time":3.22238071},
{"learn":[0.02021723006],"iteration":759,"passed_time":10.1569565,"remaining_time":3.207459946},
{"learn":[0.02021724058],"iteration":760,"passed_time":10.16547466,"remaining_time":3.192573513},
{"learn":[0.02021718353],"iteration":761,"passed_time":10.1744117,"remaining_time":3.177834625},
{"learn":[0.02021707466],"iteration":762,"passed_time":10.1820002,"remaining_time":3.162692069},
{"learn":[0.02021700208],"iteration":763,"passed_time":10.19045362,"remaining_time":3.147836457},
{"learn":[0.02021695732],"iteration":764,"passed_time":10.19851324,"remaining_time":3.132876618},
{"learn":[0.02021693985],"iteration":765,"passed_time":10.20609527,"remaining_time":3.117788895},
{"learn":[0.02021673246],"iteration":766,"passed_time":10.21363637,"remaining_time":3.10270831},
{"learn":[0.02021676018],"iteration":767,"passed_time":10.22124635,"remaining_time":3.087668167},
{"learn":[0.02021647757],"iteration":768,"passed_time":10.23259646,"remaining_time":3.073770847},
{"learn":[0.02021642392],"iteration":769,"passed_time":10.24449512,"remaining_time":3.060043996},
{"learn":[0.02021634104],"iteration":770,"passed_time":10.2564963,"remaining_time":3.046352338},
{"learn":[0.02021615603],"iteration":771,"passed_time":10.26885061,"remaining_time":3.032769353},
{"learn":[0.0202159137],"iteration":772,"passed_time":10.27770251,"remaining_time":3.018161021},
{"learn":[0.02021583778],"iteration":773,"passed_time":10.30055038,"remaining_time":3.007654245},
{"learn":[0.02021580316],"iteration":774,"passed_time":10.31889796,"remaining_time":2.995809084},
{"learn":[0.02021561314],"iteration":775,"passed_time":10.33758198,"remaining_time":2.984044282},
{"learn":[0.02021544711],"iteration":776,"passed_time":10.35921207,"remaining_time":2.973107197},
{"learn":[0.02021536418],"iteration":777,"passed_time":10.37234711,"remaining_time":2.959718584},
{"learn":[0.02021530708],"iteration":778,"passed_time":10.38728033,"remaining_time":2.946840761},
{"learn":[0.02021525181],"iteration":779,"passed_time":10.40662305,"remaining_time":2.935201373},
{"learn":[0.02021517745],"iteration":780,"passed_time":10.41850112,"remaining_time":2.921449099},
{"learn":[0.02021504954],"iteration":781,"passed_time":10.43278036,"remaining_time":2.908370995},
{"learn":[0.02021481838],"iteration":782,"passed_time":10.44024531,"remaining_time":2.893401319},
{"learn":[0.02021421083],"iteration":783,"passed_time":10.45210481,"remaining_time":2.879661529},
{"learn":[0.02021413496],"iteration":784,"passed_time":10.46667227,"remaining_time":2.866668202},
{"learn":[0.02021399163],"iteration":785,"passed_time":10.47992947,"remaining_time":2.85331413},
{"learn":[0.02021392779],"iteration":786,"passed_time":10.48735742,"remaining_time":2.838382632},
{"learn":[0.02021383984],"iteration":787,"passed_time":10.49728087,"remaining_time":2.824141555},
{"learn":[0.02021386395],"iteration":788,"passed_time":10.51512165,"remaining_time":2.812028731},
{"learn":[0.0202135451],"iteration":789,"passed_time":10.53012376,"remaining_time":2.799146822},
{"learn":[0.02021345192],"iteration":790,"passed_time":10.54281691,"remaining_time":2.785649475},
{"learn":[0.020213222],"iteration":791,"passed_time":10.55151794,"remaining_time":2.771105721},
{"learn":[0.02021302831],"iteration":792,"passed_time":10.56007569,"remaining_time":2.756539304},
{"learn":[0.02021262653],"iteration":793,"passed_time":10.56799069,"remaining_time":2.741821261},
{"learn":[0.0202126454],"iteration":794,"passed_time":10.57672021,"remaining_time":2.727330369},
{"learn":[0.0202125195],"iteration":795,"passed_time":10.58439334,"remaining_time":2.712583217},
{"learn":[0.02021252284],"iteration":796,"passed_time":10.59212317,"remaining_time":2.697868261},
{"learn":[0.02021228801],"iteration":797,"passed_time":10.59985607,"remaining_time":2.683171588},
{"learn":[0.02021225684],"iteration":798,"passed_time":10.60912806,"remaining_time":2.668879525},
{"learn":[0.02021151195],"iteration":799,"passed_time":10.61901359,"remaining_time":2.654753397},
{"learn":[0.02021136178],"iteration":800,"passed_time":10.62992628,"remaining_time":2.640893045},
{"learn":[0.02021133045],"iteration":801,"passed_time":10.64441223,"remaining_time":2.627922222},
{"learn":[0.02021130974],"iteration":802,"passed_time":10.65462599,"remaining_time":2.613899528},
{"learn":[0.02021127189],"iteration":803,"passed_time":10.66337766,"remaining_time":2.599529877},
{"learn":[0.02021125107],"iteration":804,"passed_time":10.67434618,"remaining_time":2.585711187},
{"learn":[0.02021112004],"iteration":805,"passed_time":10.68369389,"remaining_time":2.571509446},
{"learn":[0.02021110095],"iteration":806,"passed_time":10.6932686,"remaining_time":2.557374027},
{"learn":[0.02021105954],"iteration":807,"passed_time":10.70599754,"remaining_time":2.543999415},
{"learn":[0.02021078389],"iteration":808,"passed_time":10.71979347,"remaining_time":2.530878311},
{"learn":[0.02021071309],"iteration":809,"passed_time":10.73342535,"remaining_time":2.517717058},
{"learn":[0.02021066984],"iteration":810,"passed_time":10.74524322,"remaining_time":2.504131897},
{"learn":[0.0202106404],"iteration":811,"passed_time":10.75470403,"remaining_time":2.490005366},
{"learn":[0.02021043647],"iteration":812,"passed_time":10.76944249,"remaining_time":2.477104238},
{"learn":[0.02021042951],"iteration":813,"passed_time":10.78008416,"remaining_time":2.463262474},
{"learn":[0.02021032598],"iteration":814,"passed_time":10.78876293,"remaining_time":2.448982996},
{"learn":[0.02021029826],"iteration":815,"passed_time":10.79993391,"remaining_time":2.435279214},
{"learn":[0.02021014297],"iteration":816,"passed_time":10.80789227,"remaining_time":2.420862039},
{"learn":[0.02021002876],"iteration":817,"passed_time":10.81753456,"remaining_time":2.406835317},
{"learn":[0.02020984763],"iteration":818,"passed_time":10.82694214,"remaining_time":2.392767433},
{"learn":[0.02020962132],"iteration":819,"passed_time":10.83546126,"remaining_time":2.378515886},
{"learn":[0.02020952302],"iteration":820,"passed_time":10.84417118,"remaining_time":2.364319905},
{"learn":[0.02020954022],"iteration":821,"passed_time":10.85217982,"remaining_time":2.349985411},
{"learn":[0.02020948662],"iteration":822,"passed_time":10.860189,"remaining_time":2.335666407},
{"learn":[0.02020939166],"iteration":823,"passed_time":10.8681976,"remaining_time":2.321362595},
{"learn":[0.02020926732],"iteration":824,"passed_time":10.87602431,"remaining_time":2.30703546},
{"learn":[0.02020920347],"iteration":825,"passed_time":10.88387212,"remaining_time":2.292728509},
{"learn":[0.02020914303],"iteration":826,"passed_time":10.89755792,"remaining_time":2.279658429},
{"learn":[0.02020909282],"iteration":827,"passed_time":10.90834541,"remaining_time":2.265984795},
{"learn":[0.02020848183],"iteration":828,"passed_time":10.91943489,"remaining_time":2.252380417},
{"learn":[0.02020831812],"iteration":829,"passed_time":10.93235943,"remaining_time":2.239157956},
{"learn":[0.02020804813],"iteration":830,"passed_time":10.94139271,"remaining_time":2.225144847},
{"learn":[0.02020743465],"iteration":831,"passed_time":10.95135149,"remaining_time":2.21133059},
{"learn":[0.02020725531],"iteration":832,"passed_time":10.96303095,"remaining_time":2.197870551},
{"learn":[0.02020724172],"iteration":833,"passed_time":10.97370356,"remaining_time":2.184214378},
{"learn":[0.02020691387],"iteration":834,"passed_time":10.98550248,"remaining_time":2.170787916},
{"learn":[0.02020672066],"iteration":835,"passed_time":10.99640239,"remaining_time":2.157188985},
{"learn":[0.02020649257],"iteration":836,"passed_time":11.01288125,"remaining_time":2.144682968},
{"learn":[0.02020629764],"iteration":837,"passed_time":11.02417017,"remaining_time":2.131164162},
{"learn":[0.02020623714],"iteration":838,"passed_time":11.03235457,"remaining_time":2.11705493},
{"learn":[0.02020616149],"iteration":839,"passed_time":11.04242613,"remaining_time":2.103319262},
{"learn":[0.02020604528],"iteration":840,"passed_time":11.05264312,"remaining_time":2.089619806},
{"learn":[0.02020595885],"iteration":841,"passed_time":11.06169817,"remaining_time":2.075710583},
{"learn":[0.02020578624],"iteration":842,"passed_time":11.07299892,"remaining_time":2.062231115},
{"learn":[0.02020588114],"iteration":843,"passed_time":11.08212957,"remaining_time":2.048355703},
{"learn":[0.02020569452],"iteration":844,"passed_time":11.09461345,"remaining_time":2.03510661},
{"learn":[0.02020562733],"iteration":845,"passed_time":11.10754108,"remaining_time":2.021940101},
{"learn":[0.02020517638],"iteration":846,"passed_time":11.11984785,"remaining_time":2.008662008},
{"learn":[0.02020512461],"iteration":847,"passed_time":11.13442965,"remaining_time":1.995793995},
{"learn":[0.02020494343],"iteration":848,"passed_time":11.14597937,"remaining_time":1.982382668},
{"learn":[0.02020487608],"iteration":849,"passed_time":11.15590753,"remaining_time":1.968689564},
{"learn":[0.02020486918],"iteration":850,"passed_time":11.16606705,"remaining_time":1.955045816},
{"learn":[0.02020400944],"iteration":851,"passed_time":11.17568084,"remaining_time":1.941315451},
{"learn":[0.02020395945],"iteration":852,"passed_time":11.18392651,"remaining_time":1.927358964},
{"learn":[0.0202035594],"iteration":853,"passed_time":11.19407958,"remaining_time":1.913741943},
{"learn":[0.02020330381],"iteration":854,"passed_time":11.20268913,"remaining_time":1.899871255},
{"learn":[0.02020326935],"iteration":855,"passed_time":11.21287763,"remaining_time":1.88627848},
{"learn":[0.0202030638],"iteration":856,"passed_time":11.2231837,"remaining_time":1.872713266},
{"learn":[0.02020301025],"iteration":857,"passed_time":11.24029765,"remaining_time":1.860282361},
{"learn":[0.02020301025],"iteration":858,"passed_time":11.24825532,"remaining_time":1.846337603},
{"learn":[0.02020292225],"iteration":859,"passed_time":11.25703326,"remaining_time":1.832540298},
{"learn":[0.02020264304],"iteration":860,"passed_time":11.26469266,"remaining_time":1.818574076},
{"learn":[0.02020253762],"iteration":861,"passed_time":11.27343729,"remaining_time":1.804796225},
{"learn":[0.02020230797],"iteration":862,"passed_time":11.28192392,"remaining_time":1.790989081},
{"learn":[0.02020234598],"iteration":863,"passed_time":11.29453118,"remaining_time":1.777842871},
{"learn":[0.02020203199],"iteration":864,"passed_time":11.3055713,"remaining_time":1.764453325},
{"learn":[0.02020203398],"iteration":865,"passed_time":11.31673207,"remaining_time":1.751087872},
{"learn":[0.02020178691],"iteration":866,"passed_time":11.32837828,"remaining_time":1.737801973},
{"learn":[0.02020173342],"iteration":867,"passed_time":11.34813001,"remaining_time":1.72575249},
{"learn":[0.02020159883],"iteration":868,"passed_time":11.35917255,"remaining_time":1.712372387},
{"learn":[0.02020149535],"iteration":869,"passed_time":11.36917045,"remaining_time":1.698841562},
{"learn":[0.0202013537],"iteration":870,"passed_time":11.3767194,"remaining_time":1.684956145},
{"learn":[0.02020139511],"iteration":871,"passed_time":11.385906,"remaining_time":1.671325651},
{"learn":[0.02020120363],"iteration":872,"passed_time":11.39396696,"remaining_time":1.657541585},
{"learn":[0.02020122083],"iteration":873,"passed_time":11.40192849,"remaining_time":1.643756281},
{"learn":[0.02020092221],"iteration":874,"passed_time":11.40988688,"remaining_time":1.629983841},
{"learn":[0.02020093256],"iteration":875,"passed_time":11.41795225,"remaining_time":1.616239817},
{"learn":[0.02020069061],"iteration":876,"passed_time":11.42550408,"remaining_time":1.602436718},
{"learn":[0.02020060957],"iteration":877,"passed_time":11.43335436,"remaining_time":1.588689331},
{"learn":[0.0202005544],"iteration":878,"passed_time":11.44150083,"remaining_time":1.574996133},
{"learn":[0.02020050776],"iteration":879,"passed_time":11.44970285,"remaining_time":1.561323116},
{"learn":[0.02020037317],"iteration":880,"passed_time":11.45802409,"remaining_time":1.547678623},
{"learn":[0.02020009202],"iteration":881,"passed_time":11.4662234,"remaining_time":1.534029888},
{"learn":[0.02019994697],"iteration":882,"passed_time":11.47413174,"remaining_time":1.520354942},
{"learn":[0.02019994697],"iteration":883,"passed_time":11.48170078,"remaining_time":1.506648519},
{"learn":[0.02019981928],"iteration":884,"passed_time":11.49291736,"remaining_time":1.49342994},
{"learn":[0.02019957431],"iteration":885,"passed_time":11.50330122,"remaining_time":1.480108735},
{"learn":[0.02019947423],"iteration":886,"passed_time":11.51460115,"remaining_time":1.466910857},
{"learn":[0.02019949504],"iteration":887,"passed_time":11.52858315,"remaining_time":1.454055533},
{"learn":[0.02019940871],"iteration":888,"passed_time":11.53899818,"remaining_time":1.440752304},
{"learn":[0.02019929812],"iteration":889,"passed_time":11.54821033,"remaining_time":1.427306894},
{"learn":[0.02019920133],"iteration":890,"passed_time":11.55655302,"remaining_time":1.413764623},
{"learn":[0.02019922036],"iteration":891,"passed_time":11.56705999,"remaining_time":1.400496053},
{"learn":[0.02019906684],"iteration":892,"passed_time":11.5770174,"remaining_time":1.387167819},
{"learn":[0.02019902192],"iteration":893,"passed_time":11.58510034,"remaining_time":1.373624872},
{"learn":[0.02019902888],"iteration":894,"passed_time":11.59493778,"remaining_time":1.360299963},
{"learn":[0.02019895285],"iteration":895,"passed_time":11.60346154,"remaining_time":1.346830357},
{"learn":[0.02019886986],"iteration":896,"passed_time":11.61387571,"remaining_time":1.33358885},
{"learn":[0.02019866442],"iteration":897,"passed_time":11.62168529,"remaining_time":1.320057795},
{"learn":[0.02019848313],"iteration":898,"passed_time":11.63016881,"remaining_time":1.306615183},
{"learn":[0.02019834352],"iteration":899,"passed_time":11.63965047,"remaining_time":1.293294497},
{"learn":[0.02019816542],"iteration":900,"passed_time":11.64788928,"remaining_time":1.27984577},
{"learn":[0.02019792579],"iteration":901,"passed_time":11.65621344,"remaining_time":1.266417868},
{"learn":[0.02019754779],"iteration":902,"passed_time":11.6693686,"remaining_time":1.253520215},
{"learn":[0.02019745801],"iteration":903,"passed_time":11.68675698,"remaining_time":1.241071538},
{"learn":[0.02019735615],"iteration":904,"passed_time":11.69798526,"remaining_time":1.227965304},
{"learn":[0.02019734925],"iteration":905,"passed_time":11.70782898,"remaining_time":1.214719563},
{"learn":[0.02019728033],"iteration":906,"passed_time":11.71544541,"remaining_time":1.201252947},
{"learn":[0.02019703321],"iteration":907,"passed_time":11.72397507,"remaining_time":1.187891747},
{"learn":[0.02019703477],"iteration":908,"passed_time":11.73166837,"remaining_time":1.17445745},
{"learn":[0.02019690859],"iteration":909,"passed_time":11.73926219,"remaining_time":1.161025931},
{"learn":[0.02019688422],"iteration":910,"passed_time":11.74696243,"remaining_time":1.147617625},
{"learn":[0.02019674968],"iteration":911,"passed_time":11.75496847,"remaining_time":1.134251344},
{"learn":[0.0201965423],"iteration":912,"passed_time":11.76274906,"remaining_time":1.120875321},
{"learn":[0.02019657017],"iteration":913,"passed_time":11.77049974,"remaining_time":1.107508728},
{"learn":[0.020196475],"iteration":914,"passed_time":11.7781074,"remaining_time":1.094141125},
{"learn":[0.02019647851],"iteration":915,"passed_time":11.78667224,"remaining_time":1.080873873},
{"learn":[0.02019628843],"iteration":916,"passed_time":11.79769354,"remaining_time":1.067839219},
{"learn":[0.02019628331],"iteration":917,"passed_time":11.80931096,"remaining_time":1.054862199},
{"learn":[0.02019597773],"iteration":918,"passed_time":11.82093307,"remaining_time":1.041888551},
{"learn":[0.02019586228],"iteration":919,"passed_time":11.83286508,"remaining_time":1.028944789},
{"learn":[0.0201957829],"iteration":920,"passed_time":11.84382627,"remaining_time":1.015919951},
{"learn":[0.0201957829],"iteration":921,"passed_time":11.87804638,"remaining_time":1.004867264},
{"learn":[0.02019574845],"iteration":922,"passed_time":11.88842258,"remaining_time":0.9917752313},
{"learn":[0.02019574845],"iteration":923,"passed_time":11.9300933,"remaining_time":0.9812630854},
{"learn":[0.02019570003],"iteration":924,"passed_time":11.94149722,"remaining_time":0.9682295041},
{"learn":[0.02019562933],"iteration":925,"passed_time":11.9500326,"remaining_time":0.9549702077},
{"learn":[0.02019558959],"iteration":926,"passed_time":11.95813679,"remaining_time":0.9416871478},
{"learn":[0.02019550688],"iteration":927,"passed_time":11.97213773,"remaining_time":0.9288727552},
{"learn":[0.02019532915],"iteration":928,"passed_time":11.98903271,"remaining_time":0.9162769887},
{"learn":[0.02019525328],"iteration":929,"passed_time":12.00507904,"remaining_time":0.9036080999},
{"learn":[0.0201952412],"iteration":930,"passed_time":12.03151679,"remaining_time":0.8917021038},
{"learn":[0.02019513077],"iteration":931,"passed_time":12.06002964,"remaining_time":0.8799163258},
{"learn":[0.02019481332],"iteration":932,"passed_time":12.10231021,"remaining_time":0.8690833696},
{"learn":[0.02019464595],"iteration":933,"passed_time":12.12982329,"remaining_time":0.8571395471},
{"learn":[0.02019466347],"iteration":934,"passed_time":12.15306828,"remaining_time":0.844865709},
{"learn":[0.02019455466],"iteration":935,"passed_time":12.16552243,"remaining_time":0.8318305934},
{"learn":[0.02019426121],"iteration":936,"passed_time":12.17763633,"remaining_time":0.818773841},
{"learn":[0.02019416453],"iteration":937,"passed_time":12.1901138,"remaining_time":0.8057431298},
{"learn":[0.02019414037],"iteration":938,"passed_time":12.19806662,"remaining_time":0.7924196635},
{"learn":[0.02019410931],"iteration":939,"passed_time":12.20684505,"remaining_time":0.7791603226},
{"learn":[0.02019386774],"iteration":940,"passed_time":12.21522965,"remaining_time":0.7658858122},
{"learn":[0.02019387291],"iteration":941,"passed_time":12.2238245,"remaining_time":0.7526346294},
{"learn":[0.02019387119],"iteration":942,"passed_time":12.23165893,"remaining_time":0.7393473583},
{"learn":[0.02019358459],"iteration":943,"passed_time":12.24041368,"remaining_time":0.7261262351},
{"learn":[0.02019350182],"iteration":944,"passed_time":12.24816874,"remaining_time":0.7128563819},
{"learn":[0.02019340336],"iteration":945,"passed_time":12.25640053,"remaining_time":0.6996254002},
{"learn":[0.02019334647],"iteration":946,"passed_time":12.26420672,"remaining_time":0.6863811577},
{"learn":[0.02019325653],"iteration":947,"passed_time":12.27289425,"remaining_time":0.6731967311},
{"learn":[0.02019310463],"iteration":948,"passed_time":12.28148066,"remaining_time":0.6600163472},
{"learn":[0.02019297866],"iteration":949,"passed_time":12.28992495,"remaining_time":0.6468381553},
{"learn":[0.02019290258],"iteration":950,"passed_time":12.29843741,"remaining_time":0.6336734312},
{"learn":[0.02019277327],"iteration":951,"passed_time":12.3104771,"remaining_time":0.6206963244},
{"learn":[0.02019219339],"iteration":952,"passed_time":12.32202429,"remaining_time":0.6076968956},
{"learn":[0.02019203604],"iteration":953,"passed_time":12.33362377,"remaining_time":0.594703033},
{"learn":[0.02019167223],"iteration":954,"passed_time":12.34442362,"remaining_time":0.5816744115},
{"learn":[0.02019161011],"iteration":955,"passed_time":12.35284182,"remaining_time":0.5685408369},
{"learn":[0.02019148921],"iteration":956,"passed_time":12.36098543,"remaining_time":0.5554047789},
{"learn":[0.02019148414],"iteration":957,"passed_time":12.36918425,"remaining_time":0.5422815643},
{"learn":[0.02019136853],"iteration":958,"passed_time":12.37726972,"remaining_time":0.5291637731},
{"learn":[0.02019132022],"iteration":959,"passed_time":12.38556025,"remaining_time":0.5160650105},
{"learn":[0.0201910752],"iteration":960,"passed_time":12.3934259,"remaining_time":0.5029590115},
{"learn":[0.02019101653],"iteration":961,"passed_time":12.40156593,"remaining_time":0.4898747455},
{"learn":[0.02019087158],"iteration":962,"passed_time":12.40962142,"remaining_time":0.4767974999},
{"learn":[0.02019081815],"iteration":963,"passed_time":12.41754697,"remaining_time":0.4637258204},
{"learn":[0.02019077501],"iteration":964,"passed_time":12.42505538,"remaining_time":0.4506496769},
{"learn":[0.02019074568],"iteration":965,"passed_time":12.43351761,"remaining_time":0.4376186321},
{"learn":[0.02019070415],"iteration":966,"passed_time":12.44211212,"remaining_time":0.4246015513},
{"learn":[0.02019068194],"iteration":967,"passed_time":12.45001299,"remaining_time":0.4115706775},
{"learn":[0.02019068528],"iteration":968,"passed_time":12.46007338,"remaining_time":0.3986194785},
{"learn":[0.02019052988],"iteration":969,"passed_time":12.46788672,"remaining_time":0.3856047438},
{"learn":[0.02019046053],"iteration":970,"passed_time":12.47662926,"remaining_time":0.3726284744},
{"learn":[0.02019032788],"iteration":971,"passed_time":12.48436104,"remaining_time":0.3596317994},
{"learn":[0.02019028992],"iteration":972,"passed_time":12.49346842,"remaining_time":0.3466841185},
{"learn":[0.02019017426],"iteration":973,"passed_time":12.50540605,"remaining_time":0.3338198741},
{"learn":[0.02019017426],"iteration":974,"passed_time":12.51593394,"remaining_time":0.320921383},
{"learn":[0.02019020699],"iteration":975,"passed_time":12.52849068,"remaining_time":0.3080776397},
{"learn":[0.0201899776],"iteration":976,"passed_time":12.53974644,"remaining_time":0.2952038569},
{"learn":[0.02018968966],"iteration":977,"passed_time":12.54763018,"remaining_time":0.2822575295},
{"learn":[0.02018954336],"iteration":978,"passed_time":12.55605197,"remaining_time":0.2693330862},
{"learn":[0.0201895225],"iteration":979,"passed_time":12.56450844,"remaining_time":0.2564185395},
{"learn":[0.02018935356],"iteration":980,"passed_time":12.5732972,"remaining_time":0.2435195177},
{"learn":[0.02018935356],"iteration":981,"passed_time":12.58121669,"remaining_time":0.2306129332},
{"learn":[0.02018935356],"iteration":982,"passed_time":12.58996808,"remaining_time":0.2177308824},
{"learn":[0.02018936369],"iteration":983,"passed_time":12.59798494,"remaining_time":0.2048452836},
{"learn":[0.02018929818],"iteration":984,"passed_time":12.60637349,"remaining_time":0.1919752308},
{"learn":[0.02018912886],"iteration":985,"passed_time":12.61420783,"remaining_time":0.1791063993},
{"learn":[0.02018885979],"iteration":986,"passed_time":12.62265647,"remaining_time":0.1662558603},
{"learn":[0.02018863547],"iteration":987,"passed_time":12.63092402,"remaining_time":0.1534120327},
{"learn":[0.02018866486],"iteration":988,"passed_time":12.63985239,"remaining_time":0.1405848092},
{"learn":[0.02018838705],"iteration":989,"passed_time":12.64800756,"remaining_time":0.1277576522},
{"learn":[0.0201882283],"iteration":990,"passed_time":12.65614729,"remaining_time":0.1149397836},
{"learn":[0.02018824901],"iteration":991,"passed_time":12.66522525,"remaining_time":0.1021389133},
{"learn":[0.02018771393],"iteration":992,"passed_time":12.67341701,"remaining_time":0.08933929416},
{"learn":[0.02018771744],"iteration":993,"passed_time":12.68175449,"remaining_time":0.07654982587},
{"learn":[0.02018759336],"iteration":994,"passed_time":12.69393868,"remaining_time":0.06378863656},
{"learn":[0.02018757616],"iteration":995,"passed_time":12.70459441,"remaining_time":0.05102246749},
{"learn":[0.02018727053],"iteration":996,"passed_time":12.71546013,"remaining_time":0.03826116388},
{"learn":[0.02018716182],"iteration":997,"passed_time":12.72706153,"remaining_time":0.02550513334},
{"learn":[0.02018717374],"iteration":998,"passed_time":12.73714615,"remaining_time":0.01274989605},
{"learn":[0.02018707366],"iteration":999,"passed_time":12.74542539,"remaining_time":0}
]}